course_name,city,state,country,latitude,longitude,year,length,personal_rating,times_played,best_score
Grant Lucayan Golf Club -- Reef Course,Freeport,,Bahamas,26.511,-78.652259,1993,18,7.5,1,83
Bahamas Princess -- Ruby,,,Bahamas,26.523,-78.708,1993,18,8,1,80
Bahamas Princess -- Emerald,Freeport,,Bahamas,26.512,-78.701,1993,18,7,1,79
South Ocean Beach GC,New Providence,,Bahamas,25.009,-77.523,1993,18,7.5,1,76
Mid Ocean GC,,,Bermuda,32.331,-64.694,1989,18,9.5,1,74
Port Royal GC,,,Bermuda,32.261,-64.874,1989,18,8,1,76
Castle Harbour GC  ,,,Bermuda,32.346,-64.673,1989,18,7.5,1,73
Southampton Princess GC,,,Bermuda,32.261,-64.845,1989,18,7.5,1,59
Belmont GC,,,Bermuda,32.31,-64.788,1989,18,7,1,68
Riddell's Bay GC,,,Bermuda,32.26,-64.864,1989,18,7,1,71
Ocean view GC,,,Bermuda,32.317,-64.717,1989,9,5,1,40
Canoe creek,Salmon Arm,BC,Canada,50.736,-120.267,2015,18,7.5,1,80
Salmon Arm GC,Salmon Arm,BC,Canada,50.706,-119.255,2015,18,7.5,1,72
Long Beach GC,Tofino,BC,Canada,49.149,-125.911,2016,9,6,1,34
Capilano Golf and Country Club,West Vancouver,BC,Canada,49.354,-123.125,1965,18,10,3000,65
Northlands Golf Course,North Vancouver,BC,Canada,49.321,-122.979,2006,18,7,10,71
Shaughnessy Golf and Country Club,Vancouver,BC,Canada,49.234,-123.208,1975,18,8.5,25,75
Gleneagles Golf Course,West Vancouver,BC,Canada,49.364,-123.279,1962,9,2,50,75
Seymour Golf and Country Club,North Vancouver,BC,Canada,49.316,-122.968,1965,18,7,30,70
Fraserview golf course,Vancouver,BC,Canada,49.214,-123.052,1967,18,5,20,69
Langara golf course,Vancouver,BC,Canada,49.222,-123.112,1967,18,5,15,70
University golf club,Vancouver,BC,Canada,49.264,-123.229,1964,18,6,20,67
McCleery golf club,Vancouver,BC,Canada,49.218,-123.165,1968,18,6,20,72
Marine Drive Golf Club,Vancouver,BC,Canada,49.218,-123.159,1985,18,8,15,67
Point Grey Golf Club,Vancouver,BC,Canada,49.224,-123.184,1986,18,8,12,72
Vancouver Golf Club,Vancouver,BC,Canada,49.249,-122.877,1974,18,8,15,74
Burnaby Mountain golf course,Burnaby,BC,Canada,49.266,-122.944,1986,18,6,15,71
Peace Portal,Surrrey,BC,Canada,49.01,-122.752,1984,18,7,10,72
Greenacres,Richmond,BC,Canada,49.176,-123.063,1982,18,4,1,75
The Fort GC,Fort Langley,BC,Canada,49.18,-122.598,1983,18,5,1,74
Surrey golf course,Surrey,BC,Canada,49.143,-122.757,1984,18,6,5,74
Carnoustie Golf course,Port Coquitlam,BC,Canada,49.259,-122.733,1979,18,6,2,71
Squamish Valley golf course,Squamish,BC,Canada,49.733,-123.121,1983,18,7.5,30,68
Guildford golf course,Surrey,BC,Canada,49.147,-122.802,1982,18,5,10,69
Quilchena Golf Club,Richmond,BC,Canada,49.161,-123.194,1985,18,7,6,74
Richmond Golf and Country Club,Richmond,BC,Canada,49.129,-123.125,1974,18,8,20,72
Iron Mountain 18 Pastures,Mission,BC,Canada,49.202,-122.413,1982,18,6,10,73
Harrison Hot Springs,Harrison,BC,Canada,49.279,-121.783,1985,9,6,2,36
Powell River GC,Powell River,BC,Canada,49.792,-124.462,1972,9,4,3,78
Newlands,Langley,BC,Canada,49.09,-122.642,1973,18,4,1,79
Meadow Gardens GC,Pitt Meadows,BC,Canada,49.227,-122.671,1984,18,5,1,71
Meadow Gardens,Pitt Meadows,BC,Canada,49.227,-122.671,1997,18,7.5,10,72
Hazelmere,Surrey,BC,Canada,49.013,-122.719,1984,18,7,2,73
Pitt Meadows,Pitt Meadows,BC,Canada,49.249,-122.693,1984,18,7,10,70
Beach Grove,Tsawwassen,BC,Canada,49.025,-123.062,1986,18,7,10,72
Hope golf course,Hope,BC,Canada,49.388,-121.431,1986,9,5,1,73
Kelowna Golf and CC,Kelowna,BC,Canada,49.895,-119.45,1984,18,7.5,30,72
Gallagher's Canyon,Kelowna,BC,Canada,49.836,-119.379,1987,18,8.5,20,69
Penticton G&CC,Penticton ,BC,Canada,49.492,-119.611,1976,18,7,8,71
Twin Lakes,Penticton ,BC,Canada,49.338,-119.721,1976,18,7,2,70
Sumac Ridge GC,Penticton ,BC,Canada,49.621,-119.676,1976,9,6,8,76
Vernon G&CC,Vernon,BC,Canada,50.244,-119.268,1973,18,7.5,5,72
Kamloops Golf Club,Kamloops,BC,Canada,50.711,-120.447,1973,18,7,4,71
Rivershore Golf Club,Kamloops,BC,Canada,50.653,-120.006,1986,18,8.5,20,70
Radium Hot Springs Resort course,Radium,BC,Canada,50.598,-116.045,1984,18,6.5,3,69
The Springs GC,Radium,BC,Canada,50.614,-116.082,1989,18,8,3,75
108 Ranch,100 Mile House,BC,Canada,51.746,-121.348,1979,18,7,4,71
Cherry Grove GC,Oliver,BC,Canada,49.195,-119.532,1974,9,5,1,40
Whistler GC,Whistler ,BC,Canada,50.114,-122.96,1983,18,8,6,74
Ponderosa GC,Peachland,BC,Canada,49.788,-119.731,1990,18,6.5,12,68
Cranbrook GC,Cranbrook,BC,Canada,49.512,-115.744,1986,18,7,2,76
Kimberley GC, Kimberley,BC,Canada,49.635,-115.964,1986,18,7.5,2,69
Castlegar GC,Castlegar ,BC,Canada,49.307,-117.619,1986,18,8,10,67
Fairmont Hot springs -- Mountainside,Fairmont,BC,Canada,50.328,-115.843,1986,18,6,3,73
Fairmont Hot Springs -- Riverside,Fairmont,BC,Canada,50.327,-115.87,1996,18,7.5,1,75
Kokanee springs GC,Crawford Bay,BC,Canada,49.689,-116.812,1986,18,8,4,74
Fernie GC,Fernie,BC,Canada,49.517,-115.048,1986,18,7,2,69
Rossland,Rossland,BC,Canada,49.067,-117.784,1986,9,5,2,39
Rossland Trail-- Birchbank,Rossland ,BC,Canada,49.162,-117.729,1994,18,7,1,70
Cowichan GC,Cowichan,BC,Canada,48.749,-123.666,1988,18,7,3,76
Saltspring GC,Saltspring Island,BC,Canada,48.866,-123.518,1966,9,5,12,99
Cedar Hill GC,Victoria,BC,Canada,48.455,-123.345,1985,18,6,2,65
Royal Colwood G&CC,Colwood,BC,Canada,48.444,-123.482,1984,18,8.5,6,72
Victoria GC (Oak Bay),Victoria,BC,Canada,48.412,-123.302,1985,18,8.5,15,69
Gorge Vale GC,Esquimalt,BC,Canada,48.443,-123.411,1985,18,7.5,2,75
Uplands GC,Victoria,BC,Canada,48.451,-123.307,1984,18,7.5,1,76
Glen Meadows GC,North Saanich,BC,Canada,48.63,-123.452,1984,18,7,1,75
Cordova Bay GC ,Victoria,BC,Canada,48.531,-123.372,1992,18,7,2,76
Olympic View GC,Victoria,BC,Canada,48.404,-123.519,1992,18,7,6,72
Broome Hill GC,Victoria,BC,Canada,48.383,-123.733,1992,9,4,1,37
Royal Oak Golf,Victoria,BC,Canada,48.505,-123.392,1994,9,5,1,32
Bear Mountain GC -- Mountain,Victoria,BC,Canada,48.476,-123.532,2007,18,8,1,76
Bear Mountain GC -- Valley,Victoria,BC,Canada,48.476,-123.532,2011,18,8,1,75
Highland Pacific GC,Victoria,BC,Canada,48.468,-123.45,2011,18,8.5,1,73
Nanaimo GC,Nanaimo ,BC,Canada,49.198,-123.984,1984,18,8,5,73
Sequoia Springs GC,Campbell River,BC,Canada,50.019,-125.272,1971,18,6,1,68
Comox GC,Comox,BC,Canada,49.675,-124.924,1969,9,5,4,37
Chilliwack GC,Chilliwack,BC,Canada,49.126,-122.066,1987,18,7,1,68
Salmon Arm GC,Salmon Arm,BC,Canada,50.674,-119.218,1987,18,8.5,6,72
Spallumcheen GC,Vernon,BC,Canada,50.357,-119.284,1987,18,7.5,4,71
Ledgeview GC,Abbotsford,BC,Canada,49.071,-122.227,1987,18,7,6,71
Summerland GC,Summerland,BC,Canada,49.559,-119.692,1987,18,7.5,6,73
Alberni GC,Port Alberni,BC,Canada,49.29,-124.785,1988,18,6,1,70
Mission GC,Mission,BC,Canada,49.144,-122.359,1988,9,6,1,33
Shadow Ridge GC,Kelowna,BC,Canada,49.943,-119.381,1988,18,6.5,2,70
Mission Creek GC,Kelowna,BC,Canada,49.858,-119.453,1988,18,5,3,59
Merritt GC,Merritt,BC,Canada,50.117,-120.797,1989,9,5,1,34
Sunshore GC,Chase,BC,Canada,50.825,-119.69,1989,9,5,1,33
Central Park,Kelowna,BC,Canada,49.934,-119.46,1989,9,4,1,37
Shannon Lake GC,Kelowna,BC,Canada,49.861,-119.613,1989,18,7.5,6,73
Michaelbrook Ranch,Kelowna,BC,Canada,49.84,-119.475,1989,18,5,3,56
Revelstoke GC,Revelstoke,BC,Canada,51.012,-118.228,1989,18,7,1,70
Golden GC,Golden,BC,Canada,51.331,-117.006,1989,18,8,1,76
Mayfair Lakes GC,Richmond,BC,Canada,49.175,-123.036,1989,18,7,6,73
Arbutus Ridge GC,Duncan,BC,Canada,48.687,-123.553,1989,18,6.5,4,70
Christina Lake,Christina Lake,BC,Canada,49.019,-118.203,1990,18,7.5,2,74
Princeton GC,Princeton,BC,Canada,49.457,-120.471,1990,18,6.5,1,72
Kelowna Springs,Kelowna,BC,Canada,49.922,-119.379,1990,18,7,2,72
Sunset Ranch GC,Kelowna,BC,Canada,49.942,-119.35,1990,18,7,2,75
Royal York GC,Armstrong,BC,Canada,50.434,-119.189,1990,9,6,2,36
Storey Creek GC,Campbell River,BC,Canada,49.927,-125.213,1991,18,8,4,71
Fairview Mountain GC,Oliver,BC,Canada,49.165,-119.594,1991,18,7.5,6,72
Glacier Greens GC,Comox,BC,Canada,49.706,-124.894,1991,18,7,2,74
Eagle Point GC,Kamloops,BC,Canada,50.641,-120.086,1992,18,7.5,6,74
Nicola Valley GC,Quilchena,BC,Canada,50.158,-120.514,1992,9,4,2,71
Predator Ridge Resort -- Predator,Vernon,BC,Canada,50.188,-119.389,1991,18,8.5,6,75
Predator Ridge Resort -- Ridge ,Vernon,BC,Canada,50.188,-119.389,2011,18,8.5,1,75
Mount Brenton GC,Chemainus,BC,Canada,48.894,-123.706,1992,18,7,1,73
Aberdeen hills GC,Kamloops,BC,Canada,50.796,-120.327,1993,18,6,1,76
Pineridge GC,Kamloops,BC,Canada,50.754,-120.271,1993,18,5,1,60
Crown Isle GC,Comox,BC,Canada,49.712,-124.988,1993,18,8,6,74
Eaglecrest GC,Qualicum,BC,Canada,49.313,-124.314,1993,18,7,3,77
Chateau Whistler GC,Whistler ,BC,Canada,50.121,-122.948,1993,18,7.5,2,73
Pemberton Valley GC,Pemberton,BC,Canada,50.315,-122.799,1993,18,7.5,3,70
Nicklaus North GC,Whistler ,BC,Canada,50.12,-122.948,1996,18,8,4,75
Big Sky GC,Pemberton,BC,Canada,50.307,-122.835,1996,18,8,6,74
Furry Creek,Britannia Beach,BC,Canada,49.522,-123.253,1994,18,6,6,70
Coyote Creek GC,Surrey,BC,Canada,49.087,-122.797,1993,18,5,1,60
Sheep Pasture,Lillooet,BC,Canada,50.679,-121.932,1993,9,3,1,
Semlin Valley GC,Cache creek,BC,Canada,50.801,-121.351,1993,9,5,1,35
Williams Lake GC,Williams Lake,BC,Canada,52.147,-122.118,1993,18,6,1,75
Delta GC,Delta,BC,Canada,49.085,-123.059,1993,18,4,1,71
Nico Wynd GC,Surrey,BC,Canada,49.058,-122.871,1993,9,5,1,37
Belmont GC,Langley,BC,Canada,49.071,-122.602,1993,18,7,2,74
Fairwinds GC,Nanoose Bay,BC,Canada,49.284,-124.19,1994,18,7,300,69
Morningstar GC,Qualicum,BC,Canada,49.324,-124.402,1994,18,8,2,77
Swan-E-Set Resort GC,Pitt Meadows,BC,Canada,49.228,-122.673,1994,18,8,6,75
Swan-E-Set Resort GC -- Links,Pitt Meadows,BC,Canada,49.228,-122.673,1994,18,8,2,75
Balfour GC,Balfour,BC,Canada,49.672,-116.982,1994,18,7.5,1,79
Creston GC,Creston,BC,Canada,49.085,-116.517,1994,18,7.5,3,76
Duncan Meadows GC,Duncan,BC,Canada,48.773,-123.72,1994,18,8,1,73
Royalwood GC,Chilliwack,BC,Canada,49.143,-121.936,1994,18,6,2,70
Shuswap Lake Estates,Shuswap,BC,Canada,50.907,-119.368,1994,18,7,1,76
Meadow Creek GC,Logan Lake,BC,Canada,50.493,-120.839,1994,9,7,1,36
The Harvest GC,Kelowna,BC,Canada,49.885,-119.368,1994,18,7.5,1,77
Okanagan GC -- Quail,Kelowna,BC,Canada,49.913,-119.404,1994,18,8.5,5,71
Okanagan GC -- Bear,Kelowna,BC,Canada,49.905,-119.416,2000,18,8,1,74
Osoyoos Meadow course,Osoyoos,BC,Canada,49.032,-119.473,1994,18,7,2,76
Sparwood GC,Sparwood,BC,Canada,49.729,-114.882,1995,9,5,1,37
Redwoods GC,Langley,BC,Canada,49.085,-122.624,1995,18,7,3,74
Northview GC -- Ridge,Surrey,BC,Canada,49.154,-122.715,1995,18,8.5,5,75
Northview GC -- Canal,Surrey,BC,Canada,49.154,-122.715,1995,18,7.5,1,78
Sechelt GC,Sechelt,BC,Canada,49.466,-123.748,1995,18,7,2,74
Pender Harbour GC,Pender Harbour,BC,Canada,49.633,-124.016,1995,9,6,2,36
Sunshine Coast GC,Gibson's,BC,Canada,49.398,-123.504,1995,18,7,4,76
Tsawwassen GC,Tsawwassen,BC,Canada,49.009,-123.135,1995,18,6,1,62
Riverway GC,Burnaby,BC,Canada,49.239,-122.977,1996,18,7,5,73
The falls GC,Chilliwack,BC,Canada,49.096,-121.9,1996,18,6,1,80
The Dunes GC,Kamloops,BC,Canada,50.619,-120.398,1996,18,7.5,3,74
Trickle Creek GC,Kimberley,BC,Canada,49.687,-115.994,1996,18,8,2,73
Myrtle Point GC,Powell River,BC,Canada,49.833,-124.55,1996,18,7,2,79
Gallagher's -- Pinnacle/ Orchard Greens,Kelowna,BC,Canada,49.88,-119.441,1997,9,6,1,
Morgan CreekGC,Surrey,BC,Canada,49.06,-122.765,1997,18,7.5,1,79
Fernie GC,Fernie,BC,Canada,49.482,-115.065,1998,18,7.5,1,77
Sandpiper GC,Harrison,BC,Canada,49.299,-121.874,1998,18,7.5,6,71
Westwood Plateau GC,Coquitlam ,BC,Canada,49.313,-122.828,1998,18,7.5,4,73
Boundary shores/ King's Links,Delta,BC,Canada,49.085,-123.059,1999,18,7.5,5,73
Golden Eagle GC -- South,Pitt Meadows,BC,Canada,49.233,-122.688,1999,18,6,1,71
Golden Eagle GC -- North,Pitt Meadows,BC,Canada,49.233,-122.688,2011,18,6.5,1,71
Cottonwood GC ,Nanaimo ,BC,Canada,49.198,-124.023,2000,18,6.5,1,76
Arrowsmith GC,Qualicum,BC,Canada,49.351,-124.462,2001,18,6,1,63
Gold River GC,Gold River,BC,Canada,49.796,-126.089,2001,9,6,1,37
Northlands GC,North Vancouver,BC,Canada,49.313,-123.022,2002,18,7,10,69
Sunnydale GC,Comox,BC,Canada,49.673,-124.931,2003,18,5,1,74
Inkameep (N'Kamip),Oliver,BC,Canada,49.182,-119.556,2004,18,7,1,73
Vintage Hills GC -- Two Eagles,Kelowna,BC,Canada,49.878,-119.518,2005,18,7,1,62
Copper Point GC,Invermere,BC,Canada,50.517,-116.02,2005,18,8,1,77
Eagle Ranch GC,Invermere,BC,Canada,50.527,-115.961,2005,18,8,1,71
Greywolf GC,Invermere,BC,Canada,50.519,-115.973,2005,18,8.5,1,73
St. Eugene Mission GC,Kimberley,BC,Canada,49.59,-115.769,2005,18,8,1,73
SunRivers GC,Kamloops,BC,Canada,50.668,-120.362,2005,18,8,1,72
Sun Peaks GC,Kamloops,BC,Canada,50.884,-119.912,2005,18,8,1,73
Cultus Lake GC,Cultus Lake,BC,Canada,49.054,-121.98,2007,18,5,1,64
Granite Pointe GC,Nelson,BC,Canada,49.513,-117.263,2007,18,6.5,1,72
Hyde Mountain GC,Mara Lake,BC,Canada,50.83,-118.964,2007,18,7.5,1,68
Tobiano GC,Kamloops,BC,Canada,50.783,-120.869,2008,18,9,2,74
Talking Rock GC,Chase,BC,Canada,50.868,-119.763,2008,18,8,1,73
Sagebrush Golf and Fishing Club,Quilchena,BC,Canada,50.103,-120.052,2009,18,8.5,1,72
Black Mountain GC,Kelowna,BC,Canada,49.895,-119.38,2010,18,8,1,71
Pagoda Ridge GC,Langley,BC,Canada,49.103,-122.63,2012,18,7,1,78
Banff Springs GC,Banff,AB,Canada,51.1749,-115.561,1979,18,8.5,2,72
Banff Springs GC -- Tunnel Nine,Banff,AB,Canada,51.175,-115.561,2007,9,7,1,38
Kananaskis -- Mt Kidd,Kananaskis,AB,Canada,50.965,-115.141,1986,18,8,2,75
Kananaskis -- Mt Lorette,Kananaskis,AB,Canada,50.965,-115.134,1998,18,8,2,72
Silver Springs GC,Calgary,AB,Canada,51.099,-114.129,1984,18,8,1,75
Earl Grey G&CC,Calgary,AB,Canada,51.019,-114.094,1984,18,7.5,1,75
Willow Park GC,Calgary,AB,Canada,50.972,-114.049,1984,18,7,1,73
Kildonan GC,Winnipeg,MB,Canada,49.895,-97.082,1967,18,6,1,
Winnipeg Canoe Club,Winnipeg,MB,Canada,49.883,-97.131,1967,9,5,1,
Mill Woods GC,Edmonton,AB,Canada,53.449,-113.422,1990,18,7,1,73
Riverside GC,Edmonton,AB,Canada,53.5,-113.575,1990,18,7,1,71
St. Charles GC,Winnipeg,MB,Canada,49.858,-97.134,1994,27,7.5,1,73
Niakwa GC,Winnipeg,MB,Canada,49.826,-97.109,1994,18,7.5,1,73
Rossmere GC,Winnipeg,MB,Canada,49.931,-97.066,1994,18,7,1,71
Links at Quarry Oaks,Winnipeg,MB,Canada,49.689,-96.943,1994,18,8,1,72
Leduc GC,Leduc,AB,Canada,53.24,-113.544,1995,18,6,1,
Goose Hummock Resort GC,Edmonton,AB,Canada,53.643,-113.312,1995,18,8,1,74
Wolf Creek GC,Ponoka,AB,Canada,52.681,-113.589,1995,18,8.5,1,74
Henderson Lake GC,Lethbridge,AB,Canada,49.687,-112.812,1995,18,7,1,71
Paradise Canyon GC,Lethbridge,AB,Canada,49.604,-112.914,1995,18,8.5,1,74
Waterton Lakes GC,Waterton Park,AB,Canada,49.042,-113.914,1995,18,7,1,69
Indian Lakes GC,Edmonton,AB,Canada,53.623,-113.203,1997,18,7.5,1,73
Coloniale GC,Edmonton,AB,Canada,53.255,-113.522,1997,18,7.5,1,74
Silvertip GC,Canmore,AB,Canada,51.088,-115.343,2007,18,8,1,74
Royal Ottawa G&CC,Hull,PQ,Canada,45.426,-75.716,2006,18,8,1,75
Le Diable,Mt. Tremblant,PQ,Canada,46.207,-74.602,2006,18,8.5,1,72
Carling Lake GC,Pine Hill,PQ,Canada,45.755,-74.582,2006,18,7,1,69
La Tempete GC,Quebec City,PQ,Canada,46.903,-71.286,2006,18,7.5,1,77
CG St. Laurent,Ile Orleans,PQ,Canada,46.893,-71.089,2006,18,7,1,72
The Falcon GC,Hudson,PQ,Canada,45.464,-74.135,2006,18,8,1,76
Royal Montreal GC,Montreal,PQ,Canada,45.479,-73.686,2006,18,9,1,74
Islesmere GC,Montreal,PQ,Canada,45.521,-73.756,2010,18,8,1,75
Royal Quebec-- Royal,Boischatel,PQ,Canada,46.889,-71.127,2010,18,7.5,1,72
Glen Abbey GC,Oakville,ON,Canada,43.464,-79.704,1986,18,9,2,79
Westmount G&CC,Kitchener,ON,Canada,43.431,-80.466,1981,18,7.5,1,75
Stratford GC,Stratford ,ON,Canada,43.379,-80.946,1981,18,6.5,1,77
Scarborough GC,Scarborough,ON,Canada,43.752,-79.277,1981,19,7.5,1,68
Nobleton Lakes GC,Nobleton,ON,Canada,43.926,-79.683,1986,18,7,1,78
St George's G&CC,Toronto,ON,Canada,43.754,-79.429,1988,18,9.5,1,80
Don Valley GC,Toronto,ON,Canada,43.715,-79.356,1990,18,6.5,1,74
Couchiching GC,Orillia,ON,Canada,44.635,-79.375,1990,9,4,1,37
The National Golf Club,Woodbridge,ON,Canada,43.807,-79.576,1990,18,10,1,79
Mississauga GC,Mississauga,ON,Canada,43.552,-79.639,1993,18,8,1,75
Lionhead (Legends),Brampton,ON,Canada,43.732,-79.746,1993,18,8.5,1,79
Royal Woodbine,Toronto,ON,Canada,43.683,-79.577,1993,18,7.5,1,75
The Marshes GC,Ottawa,ON,Canada,45.344,-75.97,2006,18,8,1,75
DigbyPines GC,Digby,NS,Canada,44.623,-65.76,1987,18,7,1,76
Oakfield GC,Halifax,NS,Canada,44.886,-63.608,1987,18,7.5,1,73
Brightwood GC,Dartmouth,NS,Canada,44.706,-63.489,1987,18,6.5,1,72
Lingan GC,Sydney,NS,Canada,46.105,-60.196,1987,18,6,1,77
Dundee GC,Cape Breton,NS,Canada,45.851,-60.647,1987,18,8,2,73
Ken-Wo GC,Wolfville,NS,Canada,45.079,-64.346,1987,18,7,1,72
Highland Links,Ingonish,NS,Canada,46.684,-60.369,1987,18,9.5,3,75
Bell Bay GC,Baddeck,NS,Canada,46.147,-60.745,2011,18,8,1,79
Le Portage GC,Cheticamp,NS,Canada,46.625,-61.005,2011,18,8,1,78
Brudenell Resort GC,,PEI,Canada,46.393,-62.498,1987,18,8,1,73
Green Gables GC,Charlottetown,PEI,Canada,46.433,-63.113,1987,18,7,1,72
The Wilds at Salmonier,Holyrood,Nfld,Canada,47.366,-53.138,2011,18,8.5,1,76
Terra Nova Resort,Terra Nova Park,Nfld,Canada,48.547,-53.964,2011,18,8.5,5,74
Gros Morne,Gros Morne Park,Nfld,Canada,49.682,-57.849,2011,18,7.5,1,76
The View Resort,Princeton,Nfld,Canada,49.467,-58.578,2011,9,5,1,
Harmon Links,Stephenville,Nfld,Canada,48.547,-58.575,2011,18,7.5,1,76
Playa Conchal Garra de Leon,,,Costa Rica,10.338,-85.843,2003,18,9,3,73
Pacific Harbour GC,,,Fiji,-18.252,178.418,1976,18,8,2,77
Nandi Airport GC,Nandi,,Fiji,-17.755,177.44,1976,18,7,1,77
Upton GC,,,Jamaica,18.02,-76.8,1990,18,7,1,77
Tryall Beach GC,,,Jamaica,18.409,-78.175,1990,18,8,1,77
Runaway Bay GC,,,Jamaica,18.462,-77.339,1990,18,8,1,76
Half Moon GC,,,Jamaica,18.48,-77.918,1990,18,8,1,74
Rose Hall Beach GC,,,Jamaica,18.512,-77.918,1990,18,8.5,1,81
Cabo Del Sol GC,Los Cabos,,Mexico,22.875,-109.901,1994,18,9,1,73
Cabo Real GC,Los Cabos,,Mexico,22.991,-109.795,1994,18,8,1,76
Palmilla GC,Los Cabos,,Mexico,23.007,-109.739,1994,27,9,1,76
Campo do golf Los Cabos,Los Cabos,,Mexico,22.87,-109.911,1994,9,6,1,74
Playacar GC,Cancun,,Mexico,20.615,-87.087,1998,18,7.5,1,78
Caesar Park GC,Cancun,,Mexico,21.148,-86.797,1998,18,7,1,78
Flamingos Club,Puerto Vallarta,,Mexico,20.671,-105.287,2000,18,7,1,74
Estrella del Mar,Mazatlan,,Mexico,23.218,-106.41,2000,18,7.5,1,78
Las Hadas GC,Manzanillo,,Mexico,19.086,-104.321,2000,18,7,1,78
Isla Navidad GC,Manzanillo,,Mexico,19.211,-104.725,2000,27,8,1,81
Playa Paraiso GC,Playa del Carmen,,Mexico,20.634,-87.071,2007,18,8,1,74
Mayakoba GC,Playa del Carmen,,Mexico,20.669,-87.06,2007,18,8,1,74
Atimaono GC,,,Tahiti,17.772,-149.458,1977,18,8,1,78
Pajaro Valley Golf Course,Watsonville,California,United States of America,36.874,-121.76,2013,18,5,1,75
Pebble Beach Links,Pebble Beach,California,United States of America,37.004,-121.871,1995,18,10,2,75
Stanford University Golf Course,Stanford,California,United States of America,37.423,-122.187,1984,18,8,4,75
Pine Valley GC,Clementon,New Jersey,United States of America,39.787,-74.969,1997,18,10,1,75
Bandon Dunes GC,Bandon,Oregon,United States of America,43.196,-124.391,2010,18,10,1,75
Pacific Dunes GC,Bandon,Oregon,United States of America,43.196,-124.391,2004,18,10,3,76
Indian Canyon,Spokane,Washington,United States of America,47.627,-117.433,1985,18,8,1,72
Spokane CC,Spokane,Washington,United States of America,47.66,-117.425,1985,18,8,3,77
Kayak Point GC,Marysville ,Washington,United States of America,48.142,-122.255,1984,18,7,3,72
Mill Creek GC,Bothell,Washington,United States of America,47.863,-122.217,1985,18,7.5,1,74
Bear Creek GC,Redmond,Washington,United States of America,47.664,-122.097,1985,18,7.5,2,76
Orcas Island  GC,Orcas island,Washington,United States of America,48.653,-122.908,1984,9,5,1,
Sudden Valley GC,Bellingham,Washington,United States of America,48.707,-122.363,1985,18,7.5,8,74
Lake Padden GC,Bellingham,Washington,United States of America,48.737,-122.44,1986,18,7,6,72
Port Ludlow Resort,Port Ludlow,Washington,United States of America,47.925,-122.691,1986,27,8.5,5,74
Bellingham GC,Bellingham,Washington,United States of America,48.74,-122.44,1983,18,7.5,1,74
Tumwater Valley GC,Olympia,Washington,United States of America,47.028,-122.927,1982,18,7,1,74
Alderbrook,Union,Washington,United States of America,47.354,-123.121,1982,18,8,2,79
Seattle G&CC,Seattle,Washington,United States of America,47.622,-122.232,1983,18,8.5,4,75
Sahalee GC,Seattle,Washington,United States of America,47.748,-122.107,1975,27,9,2,76
Bear Creek GC,Winthrop,Washington,United States of America,48.464,-120.163,1979,9,6,1,
Green Meadows GC ,Vancouver,Washington,United States of America,45.636,-122.566,1981,9,4,1,
Three Lakes GC,Wenatchee,Washington,United States of America,47.452,-120.377,1985,18,7,1,70
Wenatchee CC,Wenatchee,Washington,United States of America,47.425,-120.34,1985,18,7,1,
Highlander GC,Wenatchee,Washington,United States of America,47.463,-120.298,2003,18,8,1,
Wandermere GC,Spokane,Washington,United States of America,47.755,-117.404,1985,18,7,1,67
The Creek at Qualchan,Spokane,Washington,United States of America,47.591,-117.491,2004,18,7.5,1,77
Dungeness GC (7 Cedars),Sequim,Washington,United States of America,48.044,-123.115,1987,18,7,1,75
Sunland GC,Sequim,Washington,United States of America,48.041,-123.128,1987,18,6,1,71
Semiahmoo GC,Blaine,Washington,United States of America,48.982,-122.752,1987,18,8,3,70
Loomis Trail GC,Blaine,Washington,United States of America,49.001,-122.748,2004,18,8,1,77
Similk Beach GC,Anacortes,Washington,United States of America,48.492,-122.645,1988,18,6,1,73
Bellevue Municipal GC,Bellevue,Washington,United States of America,47.609,-122.153,1988,18,6.5,1,68
Wayne GC,Redmond,Washington,United States of America,47.676,-122.14,1988,18,6,1,63
Grandview GC,Custer,Washington,United States of America,48.868,-122.683,1989,18,6,1,75
Skagit G&CC,Burlington,Washington,United States of America,48.463,-122.38,1989,18,7.5,1,71
Whidbey G&CC,Oak Harbor,Washington,United States of America,48.326,-122.631,1989,18,7.5,1,74
McCormick Woods GC,Port Orchard,Washington,United States of America,47.531,-122.669,1989,18,8.5,4,72
Gold Mountain -- Olympic,Bremerton,Washington,United States of America,47.589,-122.697,2006,18,8,4,72
Gold Mountain -- Cascade,Bremerton,Washington,United States of America,47.589,-122.697,2010,18,7.5,1,72
Horseshoe Lake GC,Bremerton,Washington,United States of America,47.608,-122.668,2006,18,7,1,71
Trophy Lake GC,Port Orchard,Washington,United States of America,47.428,-122.712,2006,18,8,2,75
Tall chief GC ,Fall City,Washington,United States of America,47.578,-121.896,1989,18,5,1,67
Harbour Pointe GC,Mukilteo,Washington,United States of America,47.906,-122.304,1991,18,8,8,72
Shuksan GC,Bellingham,Washington,United States of America,48.802,-122.39,1995,18,7,1,74
Homestead GC,Lynden,Washington,United States of America,48.945,-122.435,1995,18,7.5,2,75
Alta Lake GC,Pateros,Washington,United States of America,48.05,-119.946,1995,18,7,2,74
Desert Canyon GC,Orondo,Washington,United States of America,47.696,-120.187,1995,18,9,5,76
Apple Tree GC,Yakima,Washington,United States of America,46.601,-120.498,1995,18,8,1,77
Avalon GC,Burlington,Washington,United States of America,48.479,-122.328,1996,27,7.5,1,75
North Bellingham GC,Bellingham,Washington,United States of America,48.794,-122.431,1997,18,7,1,77
Classic club,Spanaway,Washington,United States of America,47.105,-122.435,1998,18,8,3,76
Druids Glen GC,Kent,Washington,United States of America,47.355,-122.115,1999,18,8,2,75
Whispering Firs GC,Tacoma,Washington,United States of America,47.146,-122.477,1999,18,7.5,3,77
Eaglemont GC,Mt Vernon,Washington,United States of America,48.395,-122.335,2000,18,8,1,78
Chevy Chase GC,Port Townsend,Washington,United States of America,48.132,-122.76,2000,18,6,1,75
Snohomish GC,Snohomish,Washington,United States of America,47.919,-122.018,2003,18,7,1,75
Point Roberts GC,Pt Roberts,Washington,United States of America,48.976,-123.08,2003,18,7,1,78
Lake Chelan GC,Lake Chelan,Washington,United States of America,47.896,-120.057,2003,18,7,1,73
Kahler Glen GC,Leavenworth,Washington,United States of America,47.597,-120.725,2003,18,7,1,73
Leavenworth GC,Leavenworth,Washington,United States of America,47.573,-120.673,2003,18,7,1,69
Moses Pointe GC,Moses Lake,Washington,United States of America,47.044,-119.959,2005,18,7.5,1,76
The Home Course,Dupont,Washington,United States of America,47.085,-122.614,2007,18,7.5,2,76
Lewis River GC,Lewis River ,Washington,United States of America,45.941,-122.579,2008,18,7,2,75
Suncadia -- Prospector,Cle Elum,Washington,United States of America,47.235,-121.011,2008,18,8.5,3,75
Suncadia -- Rope Rider,Cle Elum,Washington,United States of America,47.234,-120.971,2012,18,8.5,2,76
Suncadia -- Tumblecreek,Cle Elum,Washington,United States of America,47.231,-120.958,2013,18,9,1,74
Trilogy (Redmond Ridge),Redmond,Washington,United States of America,47.708,-122.034,2008,18,8,4,69
Willows Run-- Coyote Creek,Redmond,Washington,United States of America,47.71,-122.098,2008,18,7,1,77
Willows Run-- Eagle Talon,Redmond,Washington,United States of America,47.713,-122.092,2009,18,7,1,77
Willows Run -- Heron Links,Redmond,Washington,United States of America,47.71,-122.103,2010,9,5,1,26
Washington National,Auburn,Washington,United States of America,47.289,-122.219,2009,18,8,2,72
Newcastle -- Chine Creek,Newcastle,Washington,United States of America,47.541,-122.178,2009,18,8,4,73
Newcastle -- Coal creek,Newcastle,Washington,United States of America,47.539,-122.175,2010,18,9,2,73
Echo Falls GC,Woodinville,Washington,United States of America,47.82,-122.099,2009,18,7.5,6,67
Chambers Bay GC,Tacoma,Washington,United States of America,47.217,-122.552,2009,18,9.5,3,76
Canterwood G&CC,Gig Harbor,Washington,United States of America,47.306,-122.573,2009,18,8.5,3,76
Bear Mountain Ranch,Chelan,Washington,United States of America,47.904,-120.064,2008,18,8,1,75
Hawk's Prairie -- Links,Lacey,Washington,United States of America,47.066,-122.733,2009,18,8,1,70
Hawk's Prairie -- Woodlands,Lacey,Washington,United States of America,47.076,-122.736,2009,18,7.5,1,73
TPC Snoqualmie Ridge,Snoqualmie,Washington,United States of America,47.105,-122.435,2010,18,8.5,1,76
Mount Si GC,Snoqualmie,Washington,United States of America,47.355,-122.115,2011,18,6.5,1,78
Whitehorse GC,Kingston,Washington,United States of America,47.146,-122.477,2011,18,8,1,74
Fort Lewis GC -- Eagles Pride,Ft Lewis,Washington,United States of America,47.098,-122.573,2011,27,7,2,73
Maplewood GC ,Renton,Washington,United States of America,47.485,-122.166,2011,18,6.5,1,74
Battle Creek GC,Marysville ,Washington,United States of America,48.098,-122.129,2011,18,7.5,1,76
Inglewood G&CC,Kenmore,Washington,United States of America,47.743,-122.247,2011,18,8,2,81
Nile GC,Seattle,Washington,United States of America,47.662,-122.336,2011,18,6.5,1,66
Walter Hall GC,Everett,Washington,United States of America,47.946,-122.203,2011,18,6,1,75
West Seattle GC,Seattle,Washington,United States of America,47.544,-122.394,2011,18,7,1,75
Gleneagle GC,Arlington,Washington,United States of America,48.132,-122.154,2012,18,7,1,75
Everett CC,Everett,Washington,United States of America,47.967,-122.192,2012,18,7.5,1,81
Indian Summer G&CC,Olympia,Washington,United States of America,47.107,-122.777,2012,18,8,1,74
Salish Cliffs GC,Shelton,Washington,United States of America,47.182,-123.127,2012,18,8,1,73
The Plateau Club,Sammamish,Washington,United States of America,47.628,-122.016,2012,18,9,1,78
Newaukum Valley GC,Chehalis,Washington,United States of America,46.646,-122.982,2013,27,7,1,75
Kenwanda GC,Snohomish,Washington,United States of America,47.921,-122.098,2013,18,6,1,73
Jefferson Park GC,Seattle,Washington,United States of America,47.596,-122.309,2013,18,6.5,1,72
Broadmoor G&CC,Seattle,Washington,United States of America,47.638,-122.292,2013,18,8,1,73
Eugene CC,Eugene,Oregon,United States of America,44.085,-123.101,1986,18,9,1,76
Sunriver -- Woodlands ,Bend,Oregon,United States of America,43.882,-121.439,1978,18,8,3,73
Sunriver -- Meadows,Bend,Oregon,United States of America,43.882,-121.439,1978,18,8,3,73
Sunriver -- Crosswater,Bend,Oregon,United States of America,43.882,-121.439,2004,18,8.5,1,72
Salishan GC,Gleneden Beach,Oregon,United States of America,44.868,-124.04,1982,18,8,4,72
Forest hills GC,Portland,Oregon,United States of America,45.507,-122.538,1986,9,6,1,39
Glendoveer GC,Portland,Oregon,United States of America,45.535,-122.533,1986,18,7,1,70
Crooked River Ranch GC,Bend,Oregon,United States of America,44.48,-121.278,1995,18,7.5,1,69
Quail Run GC,La Pine,Oregon,United States of America,43.688,-121.493,1995,18,7.5,2,75
River's Edge GC,Bend,Oregon,United States of America,44.058,-121.353,1995,18,8,3,74
Widgi Creek GC,Bend,Oregon,United States of America,44.008,-121.371,1995,18,8,1,76
Black Butte Resort -- Big Meadow,Sisters,Oregon,United States of America,44.392,-121.645,1995,18,8,2,75
Black Butte Resort -- Glaze Meadow,Sisters,Oregon,United States of America,44.392,-121.645,2007,18,8.5,1,71
Eagle Crest Resort,Redmond,Oregon,United States of America,44.254,-121.252,1995,18,7.5,1,78
Eagle Crest Ridge,Redmond,Oregon,United States of America,44.254,-121.252,2006,18,7.5,1,72
Sandpines,Florence,Oregon,United States of America,43.966,-124.118,1995,18,9,2,76
Ocean Dunes GC,Florence,Oregon,United States of America,44,-124.125,2008,18,7.5,1,75
Pumpkin Ridge -- Ghost Creek,Cornelius,Oregon,United States of America,45.585,-123.017,1999,18,9,1,79
Running Y Ranch,Klamath Falls,Oregon,United States of America,42.234,-121.803,1999,18,8.5,1,76
RiverRidge GC,Eugene,Oregon,United States of America,44.061,-123.117,2001,18,7,1,74
Diamond Woods GC,Eugene,Oregon,United States of America,43.99,-123.062,2003,18,7.5,2,75
Tokatee GC,Blue River,Oregon,United States of America,44.179,-122.095,2003,18,7.5,1,75
Aspen Lakes GC,Sisters,Oregon,United States of America,44.28,-121.579,2003,18,8,3,73
Resort at the Mountain,Mt Hood,Oregon,United States of America,45.331,-121.717,2003,27,7,1,75
Salmon Run GC,Brookings,Oregon,United States of America,42.042,-124.283,2004,18,7,1,74
Emerald Valley GC,Creswell,Oregon,United States of America,43.902,-123.018,2005,18,8,3,72
Hidden Valley GC,Cottage Grove,Oregon,United States of America,43.809,-123.076,2006,9,4,1,70
Middlefield GC,Cottage Grove,Oregon,United States of America,43.799,-123.06,2008,18,6.5,1,68
Shadow Hills GC ,Junction City,Oregon,United States of America,44.243,-123.199,2006,18,8,1,75
Oak Hills G&RV Park,Sutherlin,Oregon,United States of America,43.385,-123.349,2006,18,6.5,1,83
Bandon Trails GC,Bandon,Oregon,United States of America,43.119,-124.399,2006,18,9,1,76
Heron Lakes -- Greenback,Portland,Oregon,United States of America,45.606,-122.713,2006,18,7.5,1,69
Lost Tracks GC,Bend,Oregon,United States of America,44.027,-121.303,2006,18,8,1,75
Meadow Lakes GC,Prineville,Oregon,United States of America,44.294,-120.867,2006,18,7.5,1,72
Awbrey Glen GC,Bend,Oregon,United States of America,44.085,-121.343,2006,18,8.5,4,76
Springfield CC,Springfield,Oregon,United States of America,44.046,-122.987,2006,18,7.5,1,77
Mallard Creek GC,Lebanon,Oregon,United States of America,44.525,-122.912,2006,18,7.5,1,71
Agate Beach GC,Newport,Oregon,United States of America,44.658,-124.062,2007,9,6,1,35
Buffalo Peak GC,Union,Oregon,United States of America,45.306,-118.003,2007,18,8,1,77
Juniper GC,Redmond,Oregon,United States of America,44.316,-121.174,2007,18,8.5,2,73
McKenzie River GC,Mckenzie River,Oregon,United States of America,44.102,-122.318,2008,9,5,1,35
Trysting Tree GC,Corvallis,Oregon,United States of America,44.61,-123.27,2008,18,7.5,1,75
Oakway GC,Eugene,Oregon,United States of America,44.085,-123.069,2008,18,6,1,
OGA GC,Woodburn,Oregon,United States of America,45.132,-122.855,2010,18,7.5,2,75
Centennial GC,Medford,Oregon,United States of America,42.316,-122.88,2013,18,8,1,72
Lake Shastina GC,Weed,California,United States of America,41.522,-122.392,1978,27,8,1,80
Annandale GC,Pasadena,California,United States of America,34.147,-118.113,1983,18,7.5,1,76
Riviera CC,Los Angeles,California,United States of America,34.044,-118.499,1983,18,9.5,1,86
Half Moon Bay--Old,Half Moon Bay,California,United States of America,37.434,-122.442,1986,18,8.5,2,77
SilveradoGC -- north,Napa,California,United States of America,38.327,-122.324,1984,18,7.5,1,83
SilveradoGC -- south,Napa,California,United States of America,38.327,-122.324,1984,18,7.5,1,84
El Caballero GC,Los Angeles,California,United States of America,34.209,-118.582,1984,18,7.5,1,81
Rancho Murieta -- North,Rancho Murieta,California,United States of America,38.511,-121.101,1984,18,8,1,84
Rancho Murieta -- South,Rancho Murieta,California,United States of America,38.512,-121.097,1984,18,8,1,82
Sandpiper GC,Santa Barbara,California,United States of America,34.425,-119.88,1984,18,8.5,2,75
Spyglass Hill GC,Carmel,California,United States of America,36.567,-121.951,1978,18,9.5,1,87
La Quinta Dunes,Palm Springs,California,United States of America,33.695,-116.305,1983,18,8.5,1,76
Mission Hills --Championship,Palm Springs,California,United States of America,33.793,-116.396,1982,18,9, ,84
Mission Hills --Tournament,Palm Springs,California,United States of America,33.788,-116.396,1982,18,8,1,78
Mission Lakes,Desert Hot Springs,California,United States of America,33.956,-116.544,1980,18,7,1,76
Canyon CC,Palm Springs,California,United States of America,33.789,-116.486,1980,18,7,1,78
Americana Canyon ,Palm Springs,California,United States of America,33.789,-116.486,1980,18,7,1,74
Rancho Las Palmas,Palm Springs,California,United States of America,33.768,-116.399,1982,27,7.5,2,68
Ironwood South,Palm Springs,California,United States of America,33.742,-116.394,1982,18,8,1,78
Monterey CC,Palm Springs,California,United States of America,33.792,-116.46,1982,27,7.5,1,78
Indian Palms GC,Indio,California,United States of America,33.722,-116.235,1982,27,7,1,80
Cathedral Canyon GC,Palm Springs,California,United States of America,33.8,-116.439,1982,18,7.5,1,78
Indian Wells CC,Palm Springs,California,United States of America,33.725,-116.366,1982,27,8,2,75
Palm Springs Municipal golf,Palm Springs,California,United States of America,33.83,-116.549,1982,18,6,1,74
Indian Springs GC,Indio,California,United States of America,33.731,-116.239,1981,18,7,1,73
Desert Horizon GC,Palm Springs,California,United States of America,33.812,-116.501,1982,18,8,1,76
Del Safari GC,Palm Springs,California,United States of America,33.83,-116.549,1982,18,7.5,1,73
Desert Island GC,Palm Springs,California,United States of America,33.792,-116.404,1982,18,8,1,78
Bermuda Dunes GC,Palm Springs,California,United States of America,33.748,-116.31,1982,18,8,2,77
Palm Desert Resort CC,Palm Springs,California,United States of America,33.739,-116.311,1982,18,8,1,78
Palm Desert CC,Palm Springs,California,United States of America,33.745,-116.326,1982,18,7,1,
Pasatiempo GC,Santa Cruz,California,United States of America,36.986,-121.987,1978,18,9,1,78
Crystal Springs GC,Burlingame,California,United States of America,37.576,-122.381,1986,18,7,1,69
Rancho Canada West,Carmel,California,United States of America,36.528,-121.808,1986,18,8,1,
Olympic Lake Course,San Francisco,California,United States of America,37.728,-122.48,1986,18,10,1,79
Torrey Pines -- South,San Diego,California,United States of America,32.889,-117.25,1986,18,9.7,1,73
Pauma Valley GC,San Diego,California,United States of America,33.28,-116.965,1986,18,8.5,1,78
Cottonwood -- Ivanhoe,San Diego,California,United States of America,32.891,-117.098,1986,18,7,1,74
Singing Hills -- willow Glen,San Diego,California,United States of America,32.749,-116.887,1986,18,8,1,71
Singing Hills -- Oak Glen,San Diego,California,United States of America,32.749,-116.887,1997,18,7.5,1,76
Warner Springs,Borrego,California,United States of America,33.298,-116.652,1986,18,8,1,73
Carmel Mountain Ranch gc,San Diego,California,United States of America,32.994,-117.052,1986,18,8,1,85
Pala Mesa Resort ,Fallbrook,California,United States of America,33.391,-117.221,1988,18,7.5,1,71
La Costa -- North,Carlsbad,California,United States of America,33.087,-117.291,1988,18,9,1,76
La Costa -- South,Carlsbad,California,United States of America,33.087,-117.291,1988,18,9,1,75
Bodega Harbor Links,Bodega Bay,California,United States of America,38.332,-123.042,1991,18,8.5,2,77
Windsor GC,Sonoma,California,United States of America,38.563,-122.803,1991,18,8,1,80
Chimney Rock GC,Napa,California,United States of America,38.27,-122.313,1991,18,6,1,38
Chardonnay GC,Napa,California,United States of America,38.257,-122.253,1991,27,8,1,75
Eagle Vines GC,Napa,California,United States of America,38.272,-122.278,2011,18,8,1,78
Sonoma GC,Sonoma,California,United States of America,38.285,-122.508,1991,18,8,1,84
Foxtail GC South,Santa Rosa,California,United States of America,38.425,-122.722,1991,18,7,1,75
Foxtail GC North,Santa Rosa,California,United States of America,38.425,-122.722,2005,18,7.5,1,77
Palm Valley CC North,Palm Springs,California,United States of America,33.821,-116.408,1992,18,6,1,63
Indian Wells CC,Palm Springs,California,United States of America,33.722,-116.235,1992,18,8,1,82
Desert Dunes GC,Palm Springs,California,United States of America,33.83,-116.549,1992,18,8,1,83
Indian Wells Golf Resort East,Palm Springs,California,United States of America,33.722,-116.235,1992,18,7,1,71
PGA West Stadium,La Quinta,California,United States of America,33.674,-116.27,1992,18,9,1,77
Furnace Creek GC,Death Valley,California,United States of America,36.463,-116.867,1992,18,6.5,1,75
General John Old Jr GC,Orange County,California,United States of America,33.705,-117.904,1997,18,7,1,76
Temecula Creek Resort,Temecula,California,United States of America,33.511,-117.018,1997,27,8.5,2,71
Redhawk GC,Temecula,California,United States of America,33.494,-117.092,1997,18,8,1,75
San Luis Rey Downs #,Bonsall,California,United States of America,33.319,-117.21,1997,18,7,1,75
Mt Woodson GC,Ramona,California,United States of America,33.005,-116.849,1997,18,8,1,71
Steele Canyon GC,El Cajon,California,United States of America,32.771,-116.867,1997,18,8,1,77
Tijeras Creek GC,Rancho Santa Margarita,California,United States of America,33.606,-117.59,1998,18,8,1,82
Brookside -- Championship,Pasadena,California,United States of America,34.146,-118.132,1998,18,8,1,75
Brookside -- Nay,Pasadena,California,United States of America,34.146,-118.132,1998,18,6.5,1,69
Pelican Hill,Newport Beach,California,United States of America,33.577,-117.833,1998,18,9,1,85
Tahquitz Creek Legends,Palm Springs,California,United States of America,33.814,-116.52,1998,18,7.5,1,73
Tahquitz Creek Resort,Palm Springs,California,United States of America,33.814,-116.52,2000,18,8,1,76
Desert Willow GC  Firecliff,Palm Springs,California,United States of America,33.779,-116.347,1998,18,8.5,2,75
Desert Willow GC  Mountain View,Palm Springs,California,United States of America,33.779,-116.347,2013,18,8.5,1,76
Rancho Mirage CC,Rancho Mirage,California,United States of America,33.774,-116.404,1998,18,7,1,73
Desert Princess GC,Palm Springs,California,United States of America,33.82,-116.43,1998,18,7,1,69
Los Verdes GC,Palos Verdes,California,United States of America,33.774,-118.365,1998,18,7.5,1,70
Whittier Narrows GC,Los Angeles,California,United States of America,34.039,-118.051,1998,18,6.5,1,76
Ocean Meadows GC,Santa Barbara,California,United States of America,34.431,-119.969,1999,9,7,1,40
Glen Annie GC,Santa Barbara,California,United States of America,34.449,-119.857,1999,18,8,1,82
Alisal River GC,Solvang,California,United States of America,34.589,-120.13,1999,18,7,1,73
Rancho San Marcos GC,Santa Barbara,California,United States of America,34.573,-120.005,1999,18,8.5,1,80
La Purisima,Lompoc,California,United States of America,34.772,-120.39,2000,18,9,1,81
Sycamore Canyon GC,Arvin,California,United States of America,35.243,-118.899,2000,18,7,1,74
Diamond Valley GC,Hemet,California,United States of America,33.723,-117.005,2000,18,7.5,1,76
Oak Valley GC,Beaumont ,California,United States of America,33.937,-117.012,2000,18,8,1,81
Cimarron GC,Cathedral City,California,United States of America,33.823,-116.461,2000,18,7.5,1,78
Cascades GC,Los Angeles,California,United States of America,34.036,-118.171,2001,18,7.5,1,80
Ocean Trails GC,Palos Verdes,California,United States of America,33.742,-118.338,2001,15,8,1,77
Presidio GC,San Francisco,California,United States of America,37.797,-122.472,2004,18,7.5,1,73
Spring Valley GC,Milpitas,California,United States of America,37.485,-121.882,2004,18,7,1,65
Northstar at Tahoe GC,Lake Tahoe ,California,United States of America,39.286,-120.126,2004,18,8.5,1,78
Whitehawk Ranch GC,Graegle,California,United States of America,39.743,-120.57,2004,18,8.5,1,76
The Dragon GC at Nakoma,Clio,California,United States of America,39.794,-120.581,2005,18,9.5,1,78
Diablo Grande GC Ranch,Paterson,California,United States of America,37.391,-121.331,2005,18,8.5,2,73
Saddle Creek GC,Copperopolis,California,United States of America,37.964,-120.654,2005,18,8,1,78
Greenhorn Creek GC,Angels Camp,California,United States of America,38.078,-120.566,2011,18,8,1,74
Genoa Lakes GC Ranch,Lake Tahoe ,California,United States of America,39.013,-119.833,2005,18,8,1,75
Northwood GC,Monte Rio,California,United States of America,38.49,-123.022,2005,9,6,1,36
Sea Ranch GC,Sea Ranch,California,United States of America,38.718,-123.504,2005,18,8,1,76
Adobe Creek GC,Petaluma,California,United States of America,38.26,-122.666,2005,18,7.5,1,79
Classic Club,Palm Springs,California,United States of America,33.836,-116.371,2006,18,8,2,75
Trilogy GC,Palm Springs,California,United States of America,33.779,-116.293,2006,18,8,1,77
Terra Lago -- South,Palm Springs,California,United States of America,33.804,-116.27,2006,18,8,1,80
Desert Springs Valley,Palm Springs,California,United States of America,33.807,-116.276,2006,18,8,1,73
Desert springs Palm,Palm Springs,California,United States of America,33.788,-116.25,2006,18,8,1,73
Harding Park GC,San Francisco,California,United States of America,37.718,-122.492,2008,18,9,1,76
Poplar Creek GC,San Mateo,California,United States of America,37.566,-122.295,2011,18,6.5,1,72
Castle Oaks GC,Ione,California,United States of America,38.348,-120.956,2011,18,7.5,1,71
Wente Vineyards GC,Livermore,California,United States of America,37.632,-121.014,2011,18,8.5,1,76
Summit Pointe GC,Milpitas,California,United States of America,37.455,-121.885,2012,18,7.5,1,79
Stonetree GC,Novato,California,United States of America,38.117,-122.573,2012,18,8,1,77
Hidden Valley Lake GC,Middletown,California,United States of America,38.836,-122.574,2012,18,7,1,77
Napa Golf Course,Napa,California,United States of America,38.299,-122.267,2013,18,8,1,75
POPPY HILLS GC,Monterey,California,United States of America,36.58,-121.925,2013,18,9,1,79
The Bridges GC,San Ramon,California,United States of America,37.769,-121.948,2013,18,8.5,1,74
Darkhorse GC,Sacramento,California,United States of America,38.942,-121.14,2013,18,8,1,79
Oak Quarry GC,Riverside,California,United States of America,34.029,-117.406,2013,18,8.5,1,76
Silver Rock GC,La Quinta,California,United States of America,33.687,-116.257,2013,18,8,1,78
Indian Wells Resort Players,Indian Wells,California,United States of America,33.713,-116.32,2013,18,8,3,76
Indian Wells Resort Celebrity,Indian Wells,California,United States of America,33.713,-116.32,2013,18,8,3,73
Peppermill Palms,Mesquite,Nevada,United States of America,36.795,-114.113,1992,18,8.5,1,73
Black Mountain GC,Henderson,Nevada,United States of America,35.978,-115.046,2001,18,7,1,77
Empire Ranch GC,Carson City,Nevada,United States of America,39.165,-119.741,2004,18,7,1,75
Coral Canyon GC,St. George,Utah,United States of America,37.113,-113.367,2001,18,8.5,1,74
The Ranch GC,San Jose ,California,United States of America,37.317,-121.747,2014,18,8,1,75
Grizzly ranch GC,Portola,California,United States of America,39.786,-120.452,2014,18,9,1,75
Brasada Ranch GC,Bend,Oregon,United States of America,44.117,-121.214,2014,18,9,2,72
Incline Village Championship,Incline Village,Nevada,United States of America,39.252,-119.932,2014,18,8,1,73
Broadmoor East,Colorado Springs,Colorado,United States of America,38.822,-104.824,1996,18,8,1,77
Broadmoor West,Colorado Springs,Colorado,United States of America,38.822,-104.824,1996,18,8,1,73
Broadmoor South,Colorado Springs,Colorado,United States of America,38.822,-104.824,1996,18,8,1,76
Tamarron GC,Durango,Colorado,United States of America,37.629,-107.808,1996,18,7.5,1,70
Pine Creek GC,Colorado Springs,Colorado,United States of America,38.959,-104.787,1996,18,7.5,1,77
Walking Stick GC,Pueblo,Colorado,United States of America,38.249,-104.619,1996,18,7,1,77
Great Sand Dunes GC,Mosca,Colorado,United States of America,37.757,-105.604,1996,18,6.5,1,80
Pagosa Springs GC,Pagosa Springs,Colorado,United States of America,37.233,-107.039,1996,27,7.5,1,72
Skyland Mountain GC,Crested Butte,Colorado,United States of America,38.896,-106.977,1996,18,7.5,1,78
Copper Creek GC,Copper Mountain,Colorado,United States of America,39.5,-106.148,1996,18,7,1,71
Pole Creek GC,,Colorado,United States of America,40.058,-105.893,1996,27,8,1,73
Hyland Hills Gold,Denver,Colorado,United States of America,39.889,-105.026,1996,18,7.5,1,76
Riverdale Dunes GC,Denver,Colorado,United States of America,39.814,-104.865,1996,18,,1,74
Princeville Makai GC,Kauai,Hawaii,United States of America,22.219,-159.495,1976,27,9,3,75
Wailua GC,Kauai,Hawaii,United States of America,22.047,-159.326,1976,18,8,6,72
Kauai Surf GC ,Kauai,Hawaii,United States of America,21.901,-159.476,1976,18,7,1,75
Kauai Lagoons GC ,Kauai,Hawaii,United States of America,22.226,-159.361,1989,18,8.5,2,77
Kauai Lagoons GC Kiele,Kauai,Hawaii,United States of America,22.226,-159.361,1989,18,9.5,2,74
Kikuiolono GC,Kauai,Hawaii,United States of America,21.905,-159.603,1980,9,6,5,36
Kiahuna GC ,Kauai,Hawaii,United States of America,21.905,-159.466,1989,18,7,1,76
Kiahuna GC,Kauai,Hawaii,United States of America,21.905,-159.466,2012,18,8.5,3,73
Puakea GC,Kauai,Hawaii,United States of America,21.947,-159.392,2001,18,8.5,4,74
Poipu Bay GC,Kauai,Hawaii,United States of America,21.879,-159.465,2001,18,9,1,72
Prince Golf Club,Kauai,Hawaii,United States of America,22.219,-159.495,2001,18,9.5,1,74
Kaluakoi GC ,Molokai,Hawaii,United States of America,21.122,-157.177,1989,18,8,2,74
Ironwood Hills,Molokai,Hawaii,United States of America,21.089,-157.011,1989,9,5,1,34
Kapalua Bay course,Maui,Hawaii,United States of America,21.012,-156.644,1986,18,8,6,74
Kapalua Village course,Maui,Hawaii,United States of America,21.012,-156.644,1986,18,8,3,71
Kapalua Plantation GC,Maui,Hawaii,United States of America,20.996,-156.656,2001,18,9,1,80
Makena GC North,Maui,Hawaii,United States of America,20.664,-156.447,2005,18,8,2,79
Makena South,Maui,Hawaii,United States of America,20.652,-156.441,2005,18,8,2,75
Maui Nui/ Elleair/ Silversword,Maui,Hawaii,United States of America,20.898,-156.427,1990,18,8,10,72
Waiehu GC,Maui,Hawaii,United States of America,20.918,-156.509,1974,18,6,1,78
Royal Kaanapali,Maui,Hawaii,United States of America,20.92,-156.687,1976,18,8,2,70
Kaanapali Kai,Maui,Hawaii,United States of America,20.92,-156.687,1990,18,7.5,1,71
Wailea Old Blue GC,Maui,Hawaii,United States of America,20.676,-156.442,1976,18,7.5,1,80
Wailea Orange,Maui,Hawaii,United States of America,20.676,-156.442,1990,18,8,1,78
Wailea Emerald,Maui,Hawaii,United States of America,20.676,-156.442,2011,18,8.5,1,71
Maui CC,Maui,Hawaii,United States of America,20.911,-156.579,1990,9,7,2,36
Pukalani GC,Maui,Hawaii,United States of America,20.867,-156.337,1990,18,7,20,70
Kahili GC,Maui,Hawaii,United States of America,20.808,-156.385,2001,18,8,10,72
King Kamehameha GC,Maui,Hawaii,United States of America,20.912,-156.388,2010,18,8.5,1,
Dunes at Maui Lani,Maui,Hawaii,United States of America,20.893,-156.452,2001,18,8,20,72
Experience at Koele,Lanai,Hawaii,United States of America,20.822,-156.919,2005,18,9,1,68
Challenge at Manele,Lanai,Hawaii,United States of America,20.74,-156.895,2005,18,9,1,76
Mauna Kea Beach GC,Hawaii,Hawaii,United States of America,20.273,-155.845,1976,18,9.5,2,80
Waikoloa Beach GC,Hawaii,Hawaii,United States of America,19.906,-155.865,1984,18,8,2,74
Waikoloa Village GC,Hawaii,Hawaii,United States of America,19.947,-155.826,1984,18,7.5,3,75
Mauna Lani GC North,Hawaii,Hawaii,United States of America,19.948,-155.872,1986,18,9,3,74
Mauna Lani South,Hawaii,Hawaii,United States of America,19.948,-155.872,1986,18,9,3,75
Seamountain Ninole,Hawaii,Hawaii,United States of America,19.026,-155.464,1976,18,7,3,74
Hapuna GC,Hawaii,Hawaii,United States of America,20.032,-155.827,1997,18,9,2,76
Keauhou-Kona GC,Hawaii,Hawaii,United States of America,19.579,-155.967,1986,18,7,1,79
Volcano GC,Hawaii,Hawaii,United States of America,19.407,-155.257,1986,18,6,1,78
Waimea ,Hawaii,Hawaii,United States of America,20.028,-155.621,1996,18,7,4,72
Makalei GC,Hawaii,Hawaii,United States of America,19.773,-155.982,1996,18,7.5,4,73
Alii CC Kona,Hawaii,Hawaii,United States of America,19.629,-155.984,1996,18,7.5,2,76
Waikoloa Kings,Hawaii,Hawaii,United States of America,19.947,-155.826,1996,18,8,1,80
Discovery Harbor GC,Hawaii,Hawaii,United States of America,19.102,-155.606,1996,18,5,1,80
Big Island CC,Hawaii,Hawaii,United States of America,19.648,-155.995,2008,18,8,2,74
Makaha West GC,Oahu,Hawaii,United States of America,21.482,-158.23,1976,18,7.5,1,76
Turtle Bay GC,Oahu,Hawaii,United States of America,21.692,-157.978,1997,9,6,1,37
Ko Olina GC,Oahu,Hawaii,United States of America,21.337,-158.124,1997,18,8,1,74
Coral Creek GC,Oahu,Hawaii,United States of America,21.361,-157.875,2006,18,8,1,77
Kapolei GC,Oahu,Hawaii,United States of America,21.331,-158.089,2008,18,8,1,72
Ko'olau GC,Oahu,Hawaii,United States of America,21.464,-157.851,2006,18,9,1,76
Luana Hills Golf Course,Oahu,Hawaii,United States of America,21.352,-157.875,2006,18,8,1,74
Camelback Inn Padre ,Phoenix,Arizona,United States of America,33.535,-111.934,1985,18,7,1,72
Camelback Inn Indian Bend,Phoenix,Arizona,United States of America,33.533,-111.928,1985,18,7,1,70
Arizona Biltmore Adobe GC,Phoenix,Arizona,United States of America,33.522,-112.023,1985,18,7.5,1,76
Arizona Biltmore Links,Phoenix,Arizona,United States of America,33.523,-112.024,1985,18,8,1,77
Hillcrest GC,Sun City,Arizona,United States of America,33.608,-112.285,1985,18,7.5,1,80
Rancho de Los Caballeros,Wickenburg,Arizona,United States of America,33.969,-112.749,1985,18,8,1,72
The Phoenician GC,Phoenix,Arizona,United States of America,33.533,-111.942,1985,18,8,1,73
Orange Tree GC,Phoenix,Arizona,United States of America,33.589,-111.925,1985,18,7,1,74
Oak Creek GC,Sedona,Arizona,United States of America,34.837,-111.795,1985,18,9,1,76
Phoenix CC,Phoenix,Arizona,United States of America,33.489,-112.073,1985,18,7.5,1,71
Wigwam West ,Goodyear ,Arizona,United States of America,33.447,-112.357,1985,18,7.5,1,70
Wigwam Blue,Goodyear ,Arizona,United States of America,33.447,-112.357,2003,18,7.5,1,69
Wigwam Gold,Goodyear ,Arizona,United States of America,33.447,-112.358,2007,18,9,1,76
Palm Valley GC,Goodyear ,Arizona,United States of America,33.469,-112.346,2003,18,8,1,70
Tucson National GC,Tucson,Arizona,United States of America,32.335,-111.009,1991,18,8,1,75
La Paloma GC,Tucson,Arizona,United States of America,32.314,-110.917,1991,27,8.5,1,80
TPC at Starpass,Tucson,Arizona,United States of America,32.216,-110.986,1991,27,8.5,1,79
Ventana Canyon (Mountain),Tucson,Arizona,United States of America,32.328,-110.869,1991,18,8.5,2,75
Ventana Canyon (Canyon),Tucson,Arizona,United States of America,32.328,-110.875,1991,18,8,2,78
Dove Valley Ranch GC,Cave Creek,Arizona,United States of America,33.74,-111.966,2003,18,8.5,1,73
Mountain Brook GC,Gold Canyon,Arizona,United States of America,33.362,-111.468,2003,18,7.5,1,62
Apache Stronghold GC,Globe,Arizona,United States of America,33.353,-111.072,2003,18,8,1,72
Estrella Mountain Ranch,Phoenix,Arizona,United States of America,33.375,-112.422,2007,18,8,1,73
Sedona Golf Resort,Sedona,Arizona,United States of America,34.834,-111.764,2007,18,8,1,75
Johnson Ranch GC,,Arizona,United States of America,33.218,-111.558,2007,18,7.5,1,72
Paa-ko Ridge GC,Albuquerque,New Mexico,United States of America,35.227,-106.354,2003,18,9,1,80
University of New Mexico GC,Albuquerque,New Mexico,United States of America,35.074,-106.624,2003,18,8,1,72
Black Mesa GC,Santa Fe,New Mexico,United States of America,35.838,-106.081,2007,18,9,1,75
Towa Golf Resort,Santa Fe,New Mexico,United States of America,35.827,-106.177,2007,27,8,2,72
Sandia GC,Albuquerque,New Mexico,United States of America,35.198,-106.514,2007,18,8,1,79
NM State University GC,Las Cruces,New Mexico,United States of America,32.279,-106.745,2005,18,7.5,1,74
Pueblo de Cochiti GC,Cochiti Lake,New Mexico,United States of America,35.609,-106.363,2009,18,7.5,1,73
Twin Warriors GC,Albuquerque,New Mexico,United States of America,35.332,-106.36,2009,18,8.5,1,76
Santa Ana GC,Albuquerque,New Mexico,United States of America,35.314,-106.548,2009,27,8,2,75
Pinon Hills GC,Farmington,New Mexico,United States of America,36.765,-108.134,2001,18,9,2,75
Links de Santa Fe Marty Sanchez,Santa Fe,New Mexico,United States of America,35.618,-106.074,2013,18,7,1,77
Arroyo del Oso,Albuquerque,New Mexico,United States of America,35.129,-106.571,2013,18,7,1,73
Bandon Crossings GC,Bandon,Oregon,United States of America,43.107,-124.431,2014,18,8,1,73
Larchmont GC,Missoula,Montana,United States of America,46.861,-114.036,1989,18,7.5,1,71
Buffalo Hill GC,Kalispell,Montana,United States of America,48.217,-114.331,1989,18,8,1,71
Eagle Bend GC,Bigfork,Montana,United States of America,48.049,-114.063,1995,18,7.5,1,75
Big Sky GC,Big Sky,Montana,United States of America,45.268,-111.301,1999,18,7.5,1,73
Whitefish South GC,Kalispell,Montana,United States of America,48.371,-114.388,2005,18,7.5,1,72
Old Works GC,Anaconda,Montana,United States of America,46.118,-113.141,2007,18,8.5,1,74
Highlands GC,Post Falls,Idaho,United States of America,47.722,-116.993,1995,18,8,1,74
Hidden Lakes GC   ,Sandpoint,Idaho,United States of America,48.311,-116.578,1999,18,8,1,78
Quail Hollow GC,Boise,Idaho,United States of America,43.626,-116.222,1999,18,8,1,73
Coeur d'Alene resort GC,"Coeur d""Alene",Idaho,United States of America,47.667,-116.792,2004,18,8,1,74
Twin Lakes GC,Rathdrum,Idaho,United States of America,47.795,-116.951,2005,18,7,1,70
Circling Raven GC,Worley,Idaho,United States of America,47.299,-116.901,2005,18,9.5,1,71
Stoneridge GC,Blanchard,Idaho,United States of America,47.915,-116.754,2005,18,8,1,63
Meadow Lake GC,Columbia,Montana,United States of America,48.378,-114.199,2007,18,7.5,1,70
Jug Mountain Ranch GC,McCall,Idaho,United States of America,44.954,-116.119,2007,18,8,1,75
Forest Creek GC,Austin ,Texas,United States of America,30.432,-97.673,2001,18,7.5,1,75
Circle C GC,Austin ,Texas,United States of America,30.183,-97.887,2001,18,7.5,1,77
Star Ranch GC,Austin ,Texas,United States of America,30.456,-97.543,2001,18,8,1,79
Kendrick GC,Sheridan ,Wyoming,United States of America,44.671,-106.982,1989,18,7,1,75
Teton Pines GC,Jackson,Wyoming,United States of America,43.511,-110.874,1999,18,8.5,1,71
Anchorage GC,Anchorage ,Alaska,United States of America,61.196,-149.822,2007,18,8,1,74
Eagle Glen GC,Anchorage ,Alaska,United States of America,61.375,-149.453,2007,18,7,1,71
Meadowbrook GC,Rapid City,South Dakota,United States of America,44.122,-103.149,1989,18,7.5,1,80
Maple Valley GC,Rochester ,Minnesota,United States of America,44.008,-92.483,1989,18,7,1,71
Pine Meadow GC,Mundelein,Illinois,United States of America,42.244,-88.007,1989,18,8.5,1,76
Avalon Lakes GC,Warren ,Ohio,United States of America,41.173,-80.815,1989,18,8,1,75
Aronimink GC,Philadelphia,PA,United States of America,39.949,-75.433,1987,18,9,1,79
Quaker Ridge GC,Scarsdale,New York,United States of America,40.975,-73.76,1987,18,9,1,80
Concord GC-- Monster,Kiamesha Lake,New York,United States of America,41.696,-74.631,1987,18,8.5,1,82
Montauk Downs GC,Montauk,New York,United States of America,41.056,-71.936,1987,18,8,1,85
Tamiment Resort GC,Poconos,Pennsylvania,United States of America,41.209,-75.016,1987,18,7,1,83
Bethpage Black,Bethpage Park,New York,United States of America,40.748,-73.465,1987,18,9,1,
Paxon Hollow GC,Broomall,Pennsylvania,United States of America,39.978,-75.376,1987,18,7,1,85
Loch Nairn GC,Longwood,Pennsylvania,United States of America,39.927,-75.724,1987,18,7,1,78
Meadowbrook GC,Phoenixville,Pennsylvania,United States of America,40.107,-75.551,1987,9,4,1,
Carolina Shores GC,N. Myrtle Beach,North Carolina,United States of America,33.947,-78.627,1988,18,7.5,1,79
Pearl West,Calabash,North Carolina,United States of America,33.894,-78.577,1988,18,8,1,75
Oyster Bay GC,Sunset Beach,North Carolina,United States of America,33.894,-78.57,1988,18,8.5,1,77
Pinehurst #2,Pinehurst,North Carolina,United States of America,35.195,-79.47,1988,18,9.5,1,85
Marsh Harbor GC,NM Beach,North Carolina,United States of America,34.915,-76.894,1988,18,7.5,1,76
Sea Trail GC,Sunset Beach,North Carolina,United States of America,33.886,-78.512,1988,18,8,1,71
Lockwood Folly GC,Holden Beach,North Carolina,United States of America,33.916,-78.271,1988,18,8,1,76
BayTree Plantation Green,North Myrtle Beach,North Carolina,United States of America,33.882,-78.653,1988,18,7,1,76
BayTree Plantation Gold,North Myrtle Beach,North Carolina,United States of America,33.885,-78.656,1988,18,7,1,75
Wild Dunes GC,Isle of Palms,South Carolina,United States of America,32.823,-79.775,1988,18,9,1,79
Heritage Club,Pawleys Island,South Carolina,United States of America,33.478,-79.085,1988,18,8.5,1,78
Burning Ridge GC,Myrtle Beach,South Carolina,United States of America,33.712,-78.93,1988,18,6.5,1,76
Arcadian Shores GC,Myrtle Beach,South Carolina,United States of America,33.771,-78.749,1988,18,7.5,1,80
Surf Golf and Beach Club,Myrtle Beach,South Carolina,United States of America,33.807,-78.732,1988,18,8.5,1,72
Heather Glen GC,Myrtle Beach,South Carolina,United States of America,33.841,-78.669,1988,18,8,1,76
The Dunes G&BC,Myrtle Beach,South Carolina,United States of America,33.743,-78.808,1988,18,8.5,1,79
Crescent Pointe GC,Hilton Head,South Carolina,United States of America,32.277,-80.763,2008,18,8,1,77
Eagles Pointe GC,Hilton Head,South Carolina,United States of America,32.255,-80.877,2008,18,8,1,71
Harbour Town Links,Hilton Head,South Carolina,United States of America,32.136,-80.806,2008,18,9.5,1,78
Oak Marsh Amelia Island,Amelia Is,Florida,United States of America,30.577,-81.448,2008,18,8.5,1,79
Grand club Cypress,Palm Coast,Florida,United States of America,29.577,-81.217,2008,18,7.5,1,83
Slammer & Squire,World Golf Village,Florida,United States of America,29.975,-81.397,2008,18,8,1,76
Flamingo Island  GC,Naples,Florida,United States of America,26.185,-81.737,2008,18,8,1,75
Stow Acres North,Cape Cod,Massachusetts,United States of America,42.471,-71.468,1996,18,8,1,69
Shaker Hills GC,Harvard,Massachusetts,United States of America,42.512,-71.609,1996,18,8.5,1,82
Dennis Highlands,Cape Cod,Massachusetts,United States of America,41.754,-70.204,1996,18,8,1,73
Captains GC,Brewster,Massachusetts,United States of America,41.752,-70.062,1996,18,8.5,1,75
Olde Barnstable GC,Cape Cod,Massachusetts,United States of America,41.705,-70.316,1996,18,8.5,1,74
Portsmouth GC,Greenland,New Hampshire,United States of America,43.061,-70.819,1996,18,7.5,1,80
Candia Woods GC,Candia,New Hampshire,United States of America,43.057,-71.291,1996,18,7,1,79
Cinnabar Hills GC,San Jose,California,United States of America,37.226,-121.768,2015,18,8,1,69
Bayonet GC,Seaside ,California,United States of America,36.613,-121.858,2015,18,8,1,76
Coyote Creek -- Valley,San Jose,California,United States of America,37.284,-121.698,2015,18,7,1,72
Cypress Point Golf Club,Monterey,California,United States of America,36.568,-121.949,2015,18,11,1,72
Fossil Trace GC,Golden ,Colorado,United States of America,39.748,-105.207,2015,18,8,1,76
Ute Creek GC,Longmont,Colorado,United States of America,40.19,-105.021,2015,18,7,1,73
Omni Interlocken GC,Boulder,Colorado,United States of America,39.94,-105.17,2015,27,8,1,78
Four Mile Ranch GC,Canon City,Colorado,United States of America,38.502,-105.157,2015,18,8,1,73
Isleta Eagle GC,Albuquerque,New Mexico,United States of America,35.049,-106.703,2015,27,7.5,2,74
Twin Lakes GC,Federal Way,Washington,United States of America,47.327,-122.321,2016,18,8,1,71
Rock Island GC,Wenatchee,Washington,United States of America,47.417,-120.306,2016,18,7,1,78
Gamble Sands GC,Brewster,Washington,United States of America,48.069,-119.699,2016,18,9,1,72
Priest Lake GC,Priest Lake,Idaho,United States of America,48.517,-116.899,2016,18,7.5,1,74
Indian Peaks GC,Lafayette,Colorado,United States of America,40.003,-105.135,2016,18,7.5,1,77
Coal Creek GC,Boulder,Colorado,United States of America,40.001,-105.271,2017,18,8,1,71
West Woods GC,Arvada,Colorado,United States of America,39.855,-105.192,2017,18,8,1,76
Paradise Island GC,Nassau,,Bahamas,25.084,-77.317,1993,18,8.5,1,76
Varadero GC,Varadero,,Cuba,23.132,-81.286,2003,18,7.5,1,75
Barbados GC,Durants,,Barbados,13.122,-59.589,2008,18,7.5,1,76
Royal Sydney GC,Sydney,,Australia,-33.856,151.251,1977,18,9,1,83
New South Wales GC,Botany Bay,,Australia,-33.978,151.223,1977,18,9,1,82
Royal Queensland GC,Brisbane,,Australia,-27.477,153.063,1977,18,8,1,80
Brisbane GC,Brisbane,,Australia,-27.491,153.025,1977,18,8,1,
Keperra GC,Brisbane,,Australia,-27.427,152.981,1977,18,7,1,84
Mollymook GC,,,Australia,-35.315,150.479,2002,18,7,1,77
Narooma GC,Narooma,,Australia,-36.228,150.142,2002,18,7.5,1,74
The Dunes Golf Links,Melbourne,,Australia,-38.411,144.866,2002,18,9.5,1,80
Portsea GC,Portsea,,Australia,-38.331,144.714,2002,18,8,1,75
Metropolitan GC,Melbourne,,Australia,-37.893,145.028,2002,18,9,1,74
Port Fairy GC,Port Fairy,Vic,Australia,-38.387,142.225,2002,18,7.5,1,75
The Links at Lady Bay,Normanville,SA,Australia,-35.493,138.325,2002,18,8,1,75
Tea Tree Gully GC,Adelaide,SA,Australia,-34.812,138.701,2002,18,7,1,75
Royal Adelaide GC,Adelaide,SA,Australia,-34.951,138.61,2002,18,9,1,76
Peninsula GC South,Melbourne,Vic,Australia,-38.339,144.934,2002,18,7.5,1,75
Peninsula GC North,Melbourne,Vic,Australia,-38.339,144.934,2002,18,8,1,74
Vines at Reynella,Adelaide,SA,Australia,-35.125,138.545,2002,18,7,1,71
Alice Springs GC,Alice Springs,,Australia,-23.729,133.875,2002,18,7,1,77
Belmont Links,Wanganui,,New Zealand,-39.931,175.048,1976,18,8,100,70
Waimarino GC,Makaranui,,New Zealand,-39,174.917,1976,18,6.5,1,74
Ngamotu GC,New Plymouth,,New Zealand,-39.062,174.081,1976,18,7.5,4,72
Castlecliff GC,Wanganui,,New Zealand,-39.919,175.05,1976,18,7,3,70
Kaitake GC,Oakura,,New Zealand,-39.197,174.065,1977,18,6,1,76
Marton GC,Marton,,New Zealand,-40.077,175.378,1977,18,7,1,76
Masterton GC,Masterton,,New Zealand,-40.957,175.649,1977,18,6.5,1,74
The Grange,Auckland,,New Zealand,-36.854,174.727,1977,18,8,1,77
Springfield GC,Rotorua,,New Zealand,-38.155,176.219,1976,18,7.5,1,69
Arikikapakapa,Rotorua,,New Zealand,-38.136,176.246,1976,18,8,2,74
Taupo GC Centennial,Taupo,,New Zealand,-38.678,176.077,1976,18,7.5,1,79
Taupo GC Tauhara,Taupo,,New Zealand,-38.686,176.067,1976,18,8,1,75
Wairakei GC,Taupo,,New Zealand,-38.698,176.078,1976,18,9,4,75
Palmerston North,Palmerston,,New Zealand,-40.35,175.609,1976,18,7,2,74
Manawatu GC,Palmerston,,New Zealand,-40.367,175.63,1976,18,7.5,1,76
Mount Maunganui GC,Tauranga,,New Zealand,-37.652,176.21,1977,18,7,1,79
TaurangaGC,Tauranga,,New Zealand,-37.701,176.152,1977,18,7,1,74
Hastings GC,Hastings,,New Zealand,-39.625,176.84,1977,18,7,1,78
Napier GC,Napier,,New Zealand,-39.491,176.924,1977,18,7,1,75
Poverty Bay GC,Gisborne,,New Zealand,-38.675,178.035,1977,18,8,1,80
Hutt GC,Wellington,,New Zealand,-41.225,174.902,1977,18,7,1,78
Wellington GC,Heretaunga,,New Zealand,-40.969,175.704,1977,18,7,1,82
Miramar GC,Wellington,,New Zealand,-41.313,174.806,1977,18,7.5,1,78
Titirangi GC,Auckland,,New Zealand,-36.917,174.627,1976,18,8.5,1,77
North Shore GC,Auckland,,New Zealand,-36.774,174.742,1976,27,8,1,77
Muriwai GC,Auckland,,New Zealand,-36.829,174.437,1976,18,8,1,83
Manukau GC,Auckland,,New Zealand,-36.999,174.896,1976,18,7.5,1,75
Pukekohe GC,Auckland,,New Zealand,-37.21,174.934,1977,18,7,1,77
Cambridge GC,Cambridge,,New Zealand,-37.878,175.467,1977,18,7,1,77
Te Awamutu GC,Te Awamutu,,New Zealand,-38.013,175.333,1977,18,6,1,82
Levin GC,Moutere,,New Zealand,-40.622,175.284,1977,18,7,1,
St Andrews GC,Hamilton,,New Zealand,-37.802,175.313,1977,18,7,1,78
Waitangi GC,Waitangi,,New Zealand,-35.277,174.083,1976,18,8,2,70
Whangarei GC,Whangarei,,New Zealand,-35.728,174.33,1976,18,7,1,76
Paraparaumu GC,Paraparaumu,,New Zealand,-40.904,175.027,1976,18,9,3,75
Waitomo GC,Waitomo ,,New Zealand,-38.381,175.114,1977,18,6,1,
Taihape GC,Taihape,,New Zealand,-39.687,175.801,1977,18,6,1,
Hanmer springs GC,,,New Zealand,-42.528,172.833,1977,18,6,1,80
Wanganui Municipal,Wanganui,,New Zealand,-39.931,175.048,1976,9,4,1,
St Clair GC,Dunedin,,New Zealand,-45.899,170.503,1977,18,8,1,82
Balmacewen/Otago GC,Dunedin,,New Zealand,-45.868,170.52,1977,18,8,1,78
Nelson GC,Nelson,,New Zealand,-41.294,173.248,1977,18,7,1,79
Queenstown GC,Queenstown,,New Zealand,-45.035,168.714,1977,18,7.5,1,78
Waitikiri GC,Christchurch,,New Zealand,-43.465,172.694,1977,18,8,1,75
Russley GC,Christchurch,,New Zealand,-43.506,172.577,1977,18,7.5,1,79
Christchurch GC,Christchurch,,New Zealand,-43.555,172.63,1977,18,8,1,77
Taumurunui GC,Taumurunui,,New Zealand,-38.883,175.258,2008,18,7,1,71
Kinloch GC,Lake Taupo,,New Zealand,-38.844,176.036,2008,18,9,1,76
Te Puke GC,Te Puke,,New Zealand,-37.799,176.303,2008,18,7.5,1,82
Gulf Harbour GC,Auckland,,New Zealand,-36.626,174.762,2008,18,9,1,79
Kaitaia GC,90 Mile Beach,,New Zealand,-35.105,173.261,2008,18,7,1,74
Kerikeri GC,Kerikeri,,New Zealand,-35.229,173.937,2008,18,7.5,1,77
Waipu GC,Waipu,,New Zealand,-36.105,174.37,2008,18,7,1,70
Mangawhai GC,Mangawhai,,New Zealand,-36.1,174.628,2008,18,8.5,1,75
Sunningdale Old,Sunningdale ,England,United Kingdom,51.392,-0.627,1972,18,10,3,80
Sunningdale New,Sunningdale ,England,United Kingdom,51.392,-0.627,1972,18,9,3,79
Walton Heath Old,Walton on the hill,England,United Kingdom,51.318,-0.242,1972,18,9,1,84
Walton Heath New,Walton on the hill,England,United Kingdom,51.318,-0.242,1972,18,9,1,83
Wentworth West,Virginia Water,England,United Kingdom,51.399,-0.567,1972,18,9.5,1,86
Royal Berkshire Red,Ascot,England,United Kingdom,51.403,-0.695,1972,18,9,1,75
Royal Berkshire Blue,Ascot,England,United Kingdom,51.403,-0.695,1972,18,9,1,76
Royal Birkdale,Southport,England,United Kingdom,53.616,-3.024,1972,18,10,1,81
Southport and Ainsdale GC,Southport,England,United Kingdom,53.625,-3.033,1972,18,9,1,82
Royal Lytham and St Annes,Lytham,England,United Kingdom,53.742,-2.987,1972,18,8.5,2,84
Royal Liverpool GC,Hoylake,England,United Kingdom,53.39,-3.187,1972,18,8.5,1,80
Huntercombe GC,Henley on Thames,England,United Kingdom,51.571,-0.919,1975,18,7,1,
North Oxford GC,Oxford,England,United Kingdom,51.8,-1.289,1975,18,6,1,72
Southfield GC,Oxford,England,United Kingdom,51.779,-1.268,2013,18,7.5,1,73
The Oxfordshire GC,Oxford,England,United Kingdom,51.808,-1.148,2013,18,8,1,75
Frilford Heath GC -- Red,Abingdon,England,United Kingdom,51.669,-1.384,1975,18,8,1,81
Frilford Heath GC -- Green,Abingdon,England,United Kingdom,51.669,-1.384,1975,18,7.5,1,78
Royal North Devon,Westward Ho!,England,United Kingdom,51.043,-4.244,1972,18,7,2,75
Bristol and Clifton GC,Bristol,England,United Kingdom,51.465,-2.595,1972,18,7,1,80
Windermere GC,Lake District,England,United Kingdom,54.372,-2.914,1972,18,6,1,80
Wimbledon Common GC,London,England,United Kingdom,51.431,-0.23,1972,18,5,1,
Royal St George's GC,Sandwich,England,United Kingdom,51.277,1.363,1974,18,9,1,80
Rye GC,Rye,England,United Kingdom,50.958,0.716,1974,18,9,4,75
Stoke Poges GC,Stoke,England,United Kingdom,51.526,-0.588,1974,18,8.5,1,
Sandy Lodge GC,Northwood,England,United Kingdom,51.628,-0.44,1974,18,8,1,78
Burnham and Berrow GC,Burnham on sea,England,United Kingdom,51.239,-3.005,2017,18,8.5,2,73
West Sussex,Pulborough,England,United Kingdom,50.975,-0.495,1974,18,8,1,
Royal Cinque Ports GC,Deal,England,United Kingdom,51.222,1.399,1974,18,7.5,1,82
Prince's GC,Sandwich,England,United Kingdom,51.283,1.368,1974,18,7,1,
Littlestone GC,Littlestone,England,United Kingdom,50.959,0.976,1974,18,7,1,
West Hill GC,Woking,England,United Kingdom,51.255,-0.623,1974,18,7.5,1,
Royal Mid Surrey GC,Richmond,England,United Kingdom,51.458,-0.317,1974,18,7.5,1,
Tadmarton Heath GC,Banbury,England,United Kingdom,52.048,-1.395,1975,18,7,1,
Theydon Bois GC,Epping,England,United Kingdom,51.671,0.1,1972,18,6,1,
Cleeve Cloud GC,Cleeve Hill,England,United Kingdom,51.9,-2.037,2009,18,6,1,
Broadway GC,Broadway,England,United Kingdom,52.035,-1.869,2013,18,7,1,76
Hunstanton GC,Hunstanton,England,United Kingdom,52.938,0.489,2013,18,8,1,74
Forest of Arden -- Aylesford,Birmingham,England,United Kingdom,52.455,-1.687,2013,18,7.5,1,75
Forest of Arden -- Arden,Birmingham,England,United Kingdom,52.455,-1.687,2013,18,8,1,76
Studley Wood GC,Oxford,England,United Kingdom,51.758,-1.106,2009,18,7,1,76
St Mellion GC -- Kernow,Plymouth,England,United Kingdom,50.464,-4.274,2009,18,7,1,63
St Mellion GC -- Nicklaus course,Plymouth,England,United Kingdom,50.464,-4.274,2009,18,8.5,1,78
Trevose GC,Constantine Bay,England,United Kingdom,50.533,-5.029,2009,18,9.5,2,77
St Enodoc GC,Rock,England,United Kingdom,50.579,-4.898,2009,18,9,1,78
Bovey Castle GC,Dartmoor,England,United Kingdom,50.643,-3.827,2009,18,7.5,1,73
Freshwater Bay GC,Isle of Wight,England,United Kingdom,50.684,-1.552,2009,18,7,1,70
Richmond Park-- Dukes,Richmond,England,United Kingdom,51.44,-0.274,2009,18,6,1,
The Wiltshire GC,Swindon,England,United Kingdom,51.572,-1.805,2010,18,7.5,1,76
Canterbury GC,Canterbury ,England,United Kingdom,51.294,1.121,2010,18,7,1,72
Coombe Hill GC,Kingston,England,United Kingdom,51.377,-0.307,2012,18,8,1,78
Donnington Grove GC,Newbury,England,United Kingdom,51.39,-1.33,2015,18,8,1,76
Minehead and Wet Somerset GC,Minehead,England,United Kingdom,51.204,-3.471,2015,18,7,1,76
Saunton GC -- East,Saunton,England,United Kingdom,51.107,-4.219,2015,18,9,1,74
Saunton GC -- West,Saunton,England,United Kingdom,51.107,-4.219,2015,18,8,1,80
Bude and North Cornwall,Bude,England,United Kingdom,50.83,-4.549,2015,18,7.5,1,72
Perranporth GC,Perranporth,England,United Kingdom,50.342,-5.163,2015,18,9,1,79
Point at Polzeath,Polzeath,England,United Kingdom,50.577,-4.915,2015,18,7.5,1,79
Whitsand Bay GC,Portwrinkle,England,United Kingdom,50.358,-4.304,2015,18,6.5,1,77
Bowood Park GC,Lanteglos,England,United Kingdom,50.621,-4.627,2015,18,7.5,1,79
Dartmouth GC,Dartmouth,England,United Kingdom,50.352,-3.575,2015,18,8,1,82
Teignmouth GC,Teignmouth,England,United Kingdom,50.544,-3.504,2015,18,8,1,74
Dorset GC,Poole,England,United Kingdom,50.753,-2.059,2015,27,7.5,1,77
Meon Valley GC -- Stirling,Shedfield,England,United Kingdom,50.958,-1.222,2015,9,6,1,38
Meon Valley GC -- Meon,Shedfield,England,United Kingdom,50.958,-1.222,2015,18,7.5,1,77
Betchworth GC,Dorking,England,United Kingdom,51.242,-0.26,2015,18,7.5,1,71
West Cornwall GC,St Ives ,England,United Kingdom,50.201,-5.475,2017,18,7.5,1,74
Lanhydrock GC,Bodmin,England,United Kingdom,50.456,-4.736,2017,18,7,1,74
Carlyon Bay GC,St Austell,England,United Kingdom,50.329,-4.761,2017,18,8,1,70
Oake Manor GC,"Oake, Taunton",England,United Kingdom,51.039,-3.109,2017,18,7,1,69
Thurlestone GC,Thurlestone,England,United Kingdom,50.27,-3.841,2017,18,8.5,1,69
Isle of Purbeck GC,Swanage,England,United Kingdom,50.62,-1.982,2017,18,8.5,1,74
Broadstone GC,Broadstone,England,United Kingdom,50.763,-2.022,2017,18,8.5,1,73
South Winchester GC,Winchester,England,United Kingdom,51.018,-1.313,2017,18,8,1,72
Burhill New,Walton on thames,England,United Kingdom,51.376,-0.432,2017,18,7.5,1,77
The Addington GC,Croydon,England,United Kingdom,51.355,-0.048,2017,18,8,1,72
Hampton Court Palace GC,London,England,United Kingdom,51.403,-0.344,2017,18,6,1,73
St Pierre -- Championship,Chepstow,Wales,United Kingdom,51.622,-2.682,2017,18,8,1,76
St Pierre -- Mathern,Chepstow,Wales,United Kingdom,51.613,-2.699,2017,18,8,1,74
Royal Porthcawl GC,Porthcawl,Wales,United Kingdom,51.48,-3.7,1974,18,9,1,84
Royal St David's GC,Harlech,Wales,United Kingdom,52.863,-4.106,1974,18,8,2,74
Ashburnham GC,Llanelli,Wales,United Kingdom,51.667,-4.22,2010,18,8,1,73
Machynys Peninsula GC,Llanelli,Wales,United Kingdom,51.676,-4.182,2010,18,8,1,76
Southerndown GC,Ogmore by sea,Wales,United Kingdom,51.463,-3.571,2010,18,8,1,74
Celtic Manor -- Roman Road,Newport,Wales,United Kingdom,51.612,-2.93,2010,18,8,1,78
Celtic Manor -- Montgomerie,Newport,Wales,United Kingdom,51.612,-2.93,2010,18,8.5,1,75
Pyle and Kenfig GC,Kenfig,Wales,United Kingdom,51.52,-3.729,2012,18,7,1,75
Pennard GC,Swansea,Wales,United Kingdom,51.574,-4.052,2012,18,8.5,1,74
Newport Links,Newport,Wales,United Kingdom,51.543,-2.964,2012,18,6.5,1,77
Pwllheli GC,Pwllheli,Wales,United Kingdom,52.89,-4.438,2012,18,7,1,71
Nefyn and District GC,Nefyn,Wales,United Kingdom,52.93,-4.534,2012,18,9,1,70
Porthmadog GC,Porthmadog,Wales,United Kingdom,52.928,-4.134,2012,18,7,1,76
Conwy GC,Conwy,Wales,United Kingdom,53.287,-3.818,2012,18,7.5,1,77
Muirfield,Gullane,Scotland,United Kingdom,56.041,-2.812,1972,18,10,1,86
The Old Course,St Andrews,Scotland,United Kingdom,56.342,-2.801,1972,18,10,3,76
Royal Dornoch GC,Dornoch,Scotland,United Kingdom,57.881,-4.036,1972,18,10,2,77
Turnberry -- Ailsa,Turnberry,Scotland,United Kingdom,55.316,-4.825,1972,18,10,1,82
Turnberry Arran,Turnberry,Scotland,United Kingdom,55.316,-4.825,1972,18,7,1,82
Prestwick GC,Prestwick,Scotland,United Kingdom,55.491,-4.634,1972,18,9.5,1,94
Carnoustie GC,Carnoustie,Scotland,United Kingdom,56.498,-2.706,1972,18,9,1,86
Royal Troon GC,Troon,Scotland,United Kingdom,55.538,-4.649,1972,18,9.5,3,76
Troon-- Portland,Troon,Scotland,United Kingdom,55.538,-4.649,1992,18,7.5,1,76
Gleneagles Kings,Auchterarder,Scotland,United Kingdom,56.286,-3.734,1972,18,9.5,1,84
Gleneagles Queens,Auchterarder,Scotland,United Kingdom,56.286,-3.734,1972,18,9.5,2,78
Downfield GC,Dundee,Scotland,United Kingdom,56.463,-2.972,1972,18,7.5,1,82
Fairhaven GC,Lytham,Scotland,United Kingdom,53.757,-3.043,1972,18,7,1,85
Rosemount GC,Blairgowrie,Scotland,United Kingdom,56.59,-3.326,1972,18,8,2,77
Grantown on Spey GC,Grantown,Scotland,United Kingdom,57.33,-3.603,1972,18,5,1,79
Pitlochry GC,Blair Atholl,Scotland,United Kingdom,56.705,-3.747,1972,18,7.5,1,78
Lundin Links GC,Lundin,Scotland,United Kingdom,56.209,-2.985,1972,18,8,1,82
Leven Links GC,Leven ,Scotland,United Kingdom,56.201,-2.997,1992,18,7,1,78
Longniddry GC,Longniddry,Scotland,United Kingdom,55.977,-2.89,1972,18,7,1,74
North Berwick GC,North Berwick,Scotland,United Kingdom,56.059,-2.723,1972,18,9.5,1,84
Gullane #1 GC,Gullane,Scotland,United Kingdom,56.043,-2.833,1972,18,8.5,1,86
Elgin GC,Elgin,Scotland,United Kingdom,57.643,-3.295,1972,18,8,1,77
Nairn GC,Nairn,Scotland,United Kingdom,57.59,-3.846,1972,18,8,1,84
Ayr Belleisle GC,Ayr,Scotland,United Kingdom,55.471,-4.626,1972,18,6,1,85
Western Gailes GC,Irvine ,Scotland,United Kingdom,55.631,-4.655,1992,18,8.5,1,77
Irvine Bogside GC,Irvine ,Scotland,United Kingdom,55.612,-4.641,1992,18,8,1,77
Barassie GC,Troon,Scotland,United Kingdom,55.562,-4.641,1992,18,8,1,75
Macrihanish GC,Macrihanish,Scotland,United Kingdom,55.428,-5.72,1992,18,9.5,1,70
Dunaverty GC,Dunaverty,Scotland,United Kingdom,55.445,-5.715,1992,18,6,1,71
Fort William GC,Fort William,Scotland,United Kingdom,56.815,-5.108,1992,18,6,1,74
Boat of Garten GC,Aviemore,Scotland,United Kingdom,57.246,-3.763,1992,18,8,1,74
Cruden Bay GC,Cruden bay,Scotland,United Kingdom,57.41,-1.807,1992,18,9,1,73
Royal Aberdeen,Aberdeen,Scotland,United Kingdom,57.193,-2.053,1992,18,9,1,71
West Linton GC,West Linton,Scotland,United Kingdom,55.766,-3.332,1992,18,7,1,71
Dunbar GC,Dunbar,Scotland,United Kingdom,56.002,-2.522,1992,18,8,1,75
Royal County Down GC,Newcastle,N. Ireland,United Kingdom,54.219,-5.883,1988,18,11,1,74
Royal Portrush GC -- Dunluce,Portrush,N. Ireland,United Kingdom,55.204,-6.653,1988,18,10,1,75
Royal Portrush GC -- Valley,Portrush,N. Ireland,United Kingdom,55.204,-6.653,2013,18,8,1,73
Cairndhu GC,Ballygally,N. Ireland,United Kingdom,54.903,-5.875,2013,18,6.5,1,76
Portstewart GC -- Strand,Portstewart,N. Ireland,United Kingdom,55.192,-6.724,2013,18,9.5,1,78
Castlerock GC,Castlerock,N. Ireland,United Kingdom,55.154,-6.809,2015,18,8,1,77
Scrabo GC,,N. Ireland,United Kingdom,54.616,-5.692,2013,18,7,1,72
Royal Belfast GC,Belfast,N. Ireland,United Kingdom,54.675,-5.907,2015,18,8,1,77
Ardglass,Ardglass,N. Ireland,United Kingdom,54.255,-5.601,2015,18,8.5,2,75
Portmarnock GC,Dublin,,Ireland,53.429,-6.11,1988,18,8,1,77
Portmarnock Links,Dublin,,Ireland,53.433,-6.11,2015,18,8.5,1,81
Royal Dublin GC,Dublin,,Ireland,53.39,-6.135,1988,18,7.5,1,80
Enniscrone Old,Enniscrone,Sligo,Ireland,54.213,-9.101,1988,18,8.5,1,77
Enniscrone GC,Enniscrone,Sligo,Ireland,54.213,-9.101,2016,27,9.5,1,81
Galway GC,Galway, Mayo,Ireland,53.291,-9.05,1992,18,7,1,73
Lahinch GC -- Championship,Lahinch,Clare,Ireland,52.934,-9.349,1988,18,9.5,1,78
Lahinch GC -- Castle,Lahinch,Clare,Ireland,52.934,-9.349,2016,18,7.5,1,68
Ballybunion Old,Ballybunion,Kerry,Ireland,52.512,-9.67,1988,18,10,1,72
Ballybunion Cashen,Ballybunion,Kerry,Ireland,52.512,-9.67,1988,18,6,1,73
Killarney -- Mahony's Point,Killarney,Kerry,Ireland,52.05,-9.514,1988,18,7.5,1,70
Killarney -- Killeen,Killarney,Kerry,Ireland,52.05,-9.514,1988,18,8.5,1,75
Waterville GC,Waterville ,Kerry,Ireland,51.843,-10.177,1988,18,9.5,1,80
Youghal GC,Youghal,Cork,Ireland,51.952,-7.859,1988,18,6.5,1,71
Ballyliffin Old,Ballyliffin,Donegal,Ireland,55.276,-7.356,1988,18,8.5,2,76
Ballyliffin Glasheddy,Ballyliffin,Donegal,Ireland,55.276,-7.356,2015,18,9.5,1,80
Rosapenna Old Tom,,Donegal,Ireland,55.23,-7.891,2013,18,9,1,86
Rosapenna Sandy Hills,,Donegal,Ireland,55.23,-7.891,2013,18,9.5,1,86
Portsalon GC,Fanad,Donegal,Ireland,55.239,-7.589,2013,18,8.5,1,80
Narin and Portnoo GC,Portnoo,Donegal,Ireland,54.823,-8.453,2013,18,8.5,1,82
Cruit Island GC,,Donegal,Ireland,55.043,-8.421,2013,9,9,1,40
County Sligo GC,Rosses point,Sligo,Ireland,54.28,-8.601,2013,18,9,1,77
Seapoint GC,Termonfeckin,Louth,Ireland,53.786,-6.244,2015,18,7.5,1,80
County Louth GC,Baltray,Louth,Ireland,53.861,-6.259,2015,18,8,1,85
Laytown and Bettystown GC,Bettystown,Meath,Ireland,53.688,-6.241,2015,18,7,1,
The Heritage GC,Killenard,Laois,Ireland,53.115,-7.298,2016,18,8,1,78
Strandhill GC,Sligo,Sligo,Ireland,54.285,-8.596,2016,18,8,1,70
Carne GC,Belmullet,Mayo,Ireland,54.226,-10.002,2016,27,10,1,81
Westport GC,Westport ,Mayo,Ireland,53.802,-9.554,2016,18,7.5,1,77
Connemara Championship Links,Ballyconeely,Galway,Ireland,53.403,-10.098,2016,27,8.5,1,78
Connemara Isles GC,Lettermore,Galway,Ireland,53.355,-10.078,2016,9,7,1,36
Bearna GC,Bearna,Galway,Ireland,53.258,-9.149,2016,18,8,1,76
Ballinrobe GC,Ballinrobe,Mayo,Ireland,53.621,-9.22,2016,18,7,1,79
Dromoland Castle GC,Newmarket-Fergus,Clare,Ireland,52.758,-8.92,2016,18,8.5,1,74
Dingle -- Ceann Sibeal,Dingle ,Kerry,Ireland,52.13,-10.368,2016,18,8,1,
Glyfada GC,Athens,,Greece,37.867,23.735,2006,18,7.5,1,77
Afandou GC,Island of Rhodes,,Greece,36.297,28.147,2006,18,6,1,74
Oitavos Dunes GC,Cascais,,Portugal,38.712,-9.477,2009,18,8.5,1,80
Troia GC,Lisbon,,Portugal,38.481,-8.897,2009,18,9,1,77
Vale do Lobo GC -- Royal,Almancil,Algarve,Portugal,37.061,-8.044,2009,18,8.5,1,74
Vale do Lobo GC -- Ocean,Almancil,Algarve,Portugal,37.062,-8.043,2009,18,8.5,1,74
Kungsangen GC -- Kings,Stockholm,,Sweden,59.273,17.768,2010,18,8,1,79
Barseback Masters,Barseback,Malmo,Sweden,55.656,12.86,2010,18,9,1,77
Barseback Steel,Barseback,Malmo,Sweden,55.656,12.86,2010,18,8,1,75
Royal Zoute GC,Knokke-Heist,,Belgium,51.359,3.314,2010,18,8,1,74
Meland GC,Bergen ,,Norway,60.561,5.323,2014,18,9,1,74
Romo GC,Havneby,Romo,Denmark,55.124,8.562,2010,18,7.5,1,82
Kokkedal Castle GC,Horsholm,,Denmark,55.887,12.498,2014,18,7.5,2,79
Hornbaek GC,Hornbaek,,Denmark,56.113,12.471,2014,18,7.5,1,
Niva GC,Kokkedal,,Denmark,55.934,12.459,2014,18,8,1,81
Golfklubburin Vik,Vik,,Iceland,63.427,-20.282,2014,9,6,1,42
Vestarr GC,Grundarfjordur,,Iceland,64.924,-23.257,2014,9,6,1,36
Vikurvollur GC,Stykkisholmur,,Iceland,65.082,-22.726,2014,9,6,1,39
Strandarvollur GC,Hella,,Iceland,63.877,-20.392,2014,18,7.5,1,70
Keilir GC,Reykjavik,,Iceland,64.09,-21.972,2014,18,9,1,79
The Belfry -- Brabazon,Sutton Coldfield,England,United Kingdom,52.562,-1.748,2018,18,8,1,82
Breadsall Priory -- Priory course,Morley,England,United Kingdom,52.922,-1.434,2018,18,7.5,1,76
Morley Hayes Manor course,Morley,England,United Kingdom,52.931,-1.422,2018,18,6.5,1,77
Wychwood Park GC,Crewe,England,United Kingdom,53.139,-2.449,2018,18,8,1,76
The Bristol GC,Bristol,England,United Kingdom,51.5,-2.58,2018,18,7.5,1,74
Chipping Sodbury GC,Chipping Sodbury,England,United Kingdom,51.542,-2.427,2018,18,7.5,1,79
Clwbb Golff Porth Llechog ( Bull Bay),Amlwch,Wales,United Kingdom,53.419,-4.383,2018,18,8,1,75
Aberdovy GC,Aberdyfi,Wales,United Kingdom,52.542,-4.049,2018,18,9,1,79
Cardigan GC,Cardigan,Wales,United Kingdom,52.084,-4.652,2018,18,7.5,1,78
Tenby GC,Tenby,Wales,United Kingdom,51.674,-4.707,2018,18,9,1,74
Meloneras GC,Gran Canaria,Canary Islands,Spain,27.777,-15.604,2018,18,8,2,75
Anfi Tauro GC,Gran Canaria,Canary Islands,Spain,27.805,-15.683,2018,18,8.5,1,72
Salobre (New),Gran Canaria,Canary Islands,Spain,27.872,-15.618,2018,18,8.5,1,75
Yellowknife GC,Yellowknife,NT,Canada,62.471,-114.433,2018,18,5,1,
Osoyoos GC Desert Gold,Osoyoos,BC,Canada,49.036,-119.468,2018,18,8,2,72
Dakota Creek GC,Blaine,Washington,United States of America,48.994,-122.762,2018,18,6,1,73
Mission Hills Pete Dye Resort GC,Palm Springs,California,United States of America,33.785,-116.404,2019,18,7.5,1,78
The Lakes GC,Palm Desert,California,United States of America,33.765,-116.358,2019,18,8,1,76
PGA West Palmer Private,La Quinta,California,United States of America,33.655,-116.254,2019,18,8.5,1,80
Pga West Nicklaus Private,La Quinta,California,United States of America,33.655,-116.254,2019,18,8.5,2,74
Terra Lago North,Indio,California,United States of America,33.756,-116.223,2019,18,8,2,79
Campbell River GC,Campbell River,BC,Canada,50.058,-125.235,2019,18,7.5,1,72
Pheasant Glen GC,Qualicum,BC,Canada,49.321,-124.412,2019,18,8,2,74
Winchelsea View,Lantzville,BC,Canada,49.253,-124.08,2020,18,6.5,1,69
Bootleg Gap GC,Kimberley,BC,Canada,49.67,-115.982,2021,18,8,4,75
Mission Hills GC,Kimberley,BC,Canada,49.67,-115.982,2021,18,6,1,55
Tower Ranch GC,Kelowna,BC,Canada,49.884,-119.378,2022,18,9,1,76
The Rise,Vernon,BC,Canada,50.267,-119.24,2022,18,8,1,74
Morongo GC at Tukwet-- Legends,Beaumont,California,United States of America,33.922,-116.92,2023,18,7.5,1,75
Toscana North,La Quinta,California,United States of America,33.709,-116.274,2023,18,8.5,1,75
Stone Eagle GC,Palm Desert,California,United States of America,33.752,-116.355,2023,18,9,1,76
